[2026-07-06 20:53:57] Memory extraction started: total_records=30 output_root=/home/bowenzheng/projects/DimMemTest-test/DimMem/results/memories/run_baseline
[2026-07-06 20:53:57] [record 1/30] question_id=knowledge-update/031748ae_abs | start | done=0 failed=0 skipped=0
[2026-07-06 20:53:57] [record 1/30] question_id=knowledge-update/031748ae_abs | windows=22 | start extraction
[2026-07-06 20:53:57] [record 1/30] question_id=knowledge-update/031748ae_abs | window 1/22 (window_index=0) | start
[2026-07-06 20:53:57] [record 1/30] question_id=knowledge-update/031748ae_abs | window 1/22 | attempt 1/5
[2026-07-06 20:54:33] [record 1/30] question_id=knowledge-update/031748ae_abs | window 1/22 | done ok=True memories=11 elapsed=35.37s
[2026-07-06 20:54:33] [record 1/30] question_id=knowledge-update/031748ae_abs | window 2/22 (window_index=1) | start
[2026-07-06 20:54:33] [record 1/30] question_id=knowledge-update/031748ae_abs | window 2/22 | attempt 1/5
[2026-07-06 20:54:51] [record 1/30] question_id=knowledge-update/031748ae_abs | window 2/22 | done ok=True memories=5 elapsed=18.45s
[2026-07-06 20:54:51] [record 1/30] question_id=knowledge-update/031748ae_abs | window 3/22 (window_index=2) | start
[2026-07-06 20:54:51] [record 1/30] question_id=knowledge-update/031748ae_abs | window 3/22 | attempt 1/5
[2026-07-06 20:55:15] [record 1/30] question_id=knowledge-update/031748ae_abs | window 3/22 | done ok=True memories=3 elapsed=24.23s
[2026-07-06 20:55:15] [record 1/30] question_id=knowledge-update/031748ae_abs | window 4/22 (window_index=3) | start
[2026-07-06 20:55:15] [record 1/30] question_id=knowledge-update/031748ae_abs | window 4/22 | attempt 1/5
[2026-07-06 20:55:52] [record 1/30] question_id=knowledge-update/031748ae_abs | window 4/22 | done ok=True memories=19 elapsed=36.55s
[2026-07-06 20:55:52] [record 1/30] question_id=knowledge-update/031748ae_abs | window 5/22 (window_index=4) | start
[2026-07-06 20:55:52] [record 1/30] question_id=knowledge-update/031748ae_abs | window 5/22 | attempt 1/5
[2026-07-06 20:56:10] [record 1/30] question_id=knowledge-update/031748ae_abs | window 5/22 | done ok=True memories=2 elapsed=17.81s
[2026-07-06 20:56:10] [record 1/30] question_id=knowledge-update/031748ae_abs | window 6/22 (window_index=5) | start
[2026-07-06 20:56:10] [record 1/30] question_id=knowledge-update/031748ae_abs | window 6/22 | attempt 1/5
[2026-07-06 20:57:07] [record 1/30] question_id=knowledge-update/031748ae_abs | window 6/22 | done ok=True memories=13 elapsed=57.02s
[2026-07-06 20:57:07] [record 1/30] question_id=knowledge-update/031748ae_abs | window 7/22 (window_index=6) | start
[2026-07-06 20:57:07] [record 1/30] question_id=knowledge-update/031748ae_abs | window 7/22 | attempt 1/5
[2026-07-06 20:57:29] [record 1/30] question_id=knowledge-update/031748ae_abs | window 7/22 | done ok=True memories=3 elapsed=21.99s
[2026-07-06 20:57:29] [record 1/30] question_id=knowledge-update/031748ae_abs | window 8/22 (window_index=7) | start
[2026-07-06 20:57:29] [record 1/30] question_id=knowledge-update/031748ae_abs | window 8/22 | attempt 1/5
[2026-07-06 20:58:00] [record 1/30] question_id=knowledge-update/031748ae_abs | window 8/22 | done ok=True memories=6 elapsed=31.04s
[2026-07-06 20:58:00] [record 1/30] question_id=knowledge-update/031748ae_abs | window 9/22 (window_index=8) | start
[2026-07-06 20:58:00] [record 1/30] question_id=knowledge-update/031748ae_abs | window 9/22 | attempt 1/5
[2026-07-06 20:58:41] [record 1/30] question_id=knowledge-update/031748ae_abs | window 9/22 | done ok=True memories=10 elapsed=41.52s
[2026-07-06 20:58:41] [record 1/30] question_id=knowledge-update/031748ae_abs | window 10/22 (window_index=9) | start
[2026-07-06 20:58:41] [record 1/30] question_id=knowledge-update/031748ae_abs | window 10/22 | attempt 1/5
[2026-07-06 20:59:34] [record 1/30] question_id=knowledge-update/031748ae_abs | window 10/22 | done ok=True memories=14 elapsed=52.41s
[2026-07-06 20:59:34] [record 1/30] question_id=knowledge-update/031748ae_abs | window 11/22 (window_index=10) | start
[2026-07-06 20:59:34] [record 1/30] question_id=knowledge-update/031748ae_abs | window 11/22 | attempt 1/5
[2026-07-06 21:00:08] [record 1/30] question_id=knowledge-update/031748ae_abs | window 11/22 | done ok=True memories=6 elapsed=34.75s
[2026-07-06 21:00:08] [record 1/30] question_id=knowledge-update/031748ae_abs | window 12/22 (window_index=11) | start
[2026-07-06 21:00:08] [record 1/30] question_id=knowledge-update/031748ae_abs | window 12/22 | attempt 1/5
[2026-07-06 21:00:40] [record 1/30] question_id=knowledge-update/031748ae_abs | window 12/22 | done ok=True memories=8 elapsed=31.21s
[2026-07-06 21:00:40] [record 1/30] question_id=knowledge-update/031748ae_abs | window 13/22 (window_index=12) | start
[2026-07-06 21:00:40] [record 1/30] question_id=knowledge-update/031748ae_abs | window 13/22 | attempt 1/5
[2026-07-06 21:01:14] [record 1/30] question_id=knowledge-update/031748ae_abs | window 13/22 | done ok=True memories=4 elapsed=34.48s
[2026-07-06 21:01:14] [record 1/30] question_id=knowledge-update/031748ae_abs | window 14/22 (window_index=13) | start
[2026-07-06 21:01:14] [record 1/30] question_id=knowledge-update/031748ae_abs | window 14/22 | attempt 1/5
[2026-07-06 21:01:54] [record 1/30] question_id=knowledge-update/031748ae_abs | window 14/22 | done ok=True memories=10 elapsed=40.14s
[2026-07-06 21:01:54] [record 1/30] question_id=knowledge-update/031748ae_abs | window 15/22 (window_index=14) | start
[2026-07-06 21:01:54] [record 1/30] question_id=knowledge-update/031748ae_abs | window 15/22 | attempt 1/5
[2026-07-06 21:02:30] [record 1/30] question_id=knowledge-update/031748ae_abs | window 15/22 | done ok=True memories=3 elapsed=35.82s
[2026-07-06 21:02:30] [record 1/30] question_id=knowledge-update/031748ae_abs | window 16/22 (window_index=15) | start
[2026-07-06 21:02:30] [record 1/30] question_id=knowledge-update/031748ae_abs | window 16/22 | attempt 1/5
[2026-07-06 21:03:09] [record 1/30] question_id=knowledge-update/031748ae_abs | window 16/22 | done ok=True memories=15 elapsed=38.68s
[2026-07-06 21:03:09] [record 1/30] question_id=knowledge-update/031748ae_abs | window 17/22 (window_index=16) | start
[2026-07-06 21:03:09] [record 1/30] question_id=knowledge-update/031748ae_abs | window 17/22 | attempt 1/5
[2026-07-06 21:03:24] [record 1/30] question_id=knowledge-update/031748ae_abs | window 17/22 | done ok=True memories=3 elapsed=15.15s
[2026-07-06 21:03:24] [record 1/30] question_id=knowledge-update/031748ae_abs | window 18/22 (window_index=17) | start
[2026-07-06 21:03:24] [record 1/30] question_id=knowledge-update/031748ae_abs | window 18/22 | attempt 1/5
[2026-07-06 21:04:01] [record 1/30] question_id=knowledge-update/031748ae_abs | window 18/22 | done ok=True memories=8 elapsed=36.66s
[2026-07-06 21:04:01] [record 1/30] question_id=knowledge-update/031748ae_abs | window 19/22 (window_index=18) | start
[2026-07-06 21:04:01] [record 1/30] question_id=knowledge-update/031748ae_abs | window 19/22 | attempt 1/5
[2026-07-06 21:05:10] [record 1/30] question_id=knowledge-update/031748ae_abs | window 19/22 | done ok=True memories=11 elapsed=69.08s
[2026-07-06 21:05:10] [record 1/30] question_id=knowledge-update/031748ae_abs | window 20/22 (window_index=19) | start
[2026-07-06 21:05:10] [record 1/30] question_id=knowledge-update/031748ae_abs | window 20/22 | attempt 1/5
[2026-07-06 21:05:48] [record 1/30] question_id=knowledge-update/031748ae_abs | window 20/22 | done ok=True memories=7 elapsed=38.30s
[2026-07-06 21:05:48] [record 1/30] question_id=knowledge-update/031748ae_abs | window 21/22 (window_index=20) | start
[2026-07-06 21:05:48] [record 1/30] question_id=knowledge-update/031748ae_abs | window 21/22 | attempt 1/5
[2026-07-06 21:06:18] [record 1/30] question_id=knowledge-update/031748ae_abs | window 21/22 | done ok=True memories=3 elapsed=30.26s
[2026-07-06 21:06:18] [record 1/30] question_id=knowledge-update/031748ae_abs | window 22/22 (window_index=21) | start
[2026-07-06 21:06:18] [record 1/30] question_id=knowledge-update/031748ae_abs | window 22/22 | attempt 1/5
[2026-07-06 21:06:36] [record 1/30] question_id=knowledge-update/031748ae_abs | window 22/22 | done ok=True memories=2 elapsed=17.34s
[2026-07-06 21:06:36] [record 1/30] question_id=knowledge-update/031748ae_abs | finished | ok_windows=22/22 | total_memories=166
[2026-07-06 21:06:36] [record 1/30] question_id=knowledge-update/031748ae_abs | record done | done=1/30 failed=0 skipped=0
[2026-07-06 21:06:36] [record 2/30] question_id=knowledge-update/852ce960 | start | done=1 failed=0 skipped=0
[2026-07-06 21:06:36] [record 2/30] question_id=knowledge-update/852ce960 | windows=17 | start extraction
[2026-07-06 21:06:36] [record 2/30] question_id=knowledge-update/852ce960 | window 1/17 (window_index=0) | start
[2026-07-06 21:06:36] [record 2/30] question_id=knowledge-update/852ce960 | window 1/17 | attempt 1/5
[2026-07-06 21:07:09] [record 2/30] question_id=knowledge-update/852ce960 | window 1/17 | done ok=True memories=10 elapsed=33.17s
[2026-07-06 21:07:09] [record 2/30] question_id=knowledge-update/852ce960 | window 2/17 (window_index=1) | start
[2026-07-06 21:07:09] [record 2/30] question_id=knowledge-update/852ce960 | window 2/17 | attempt 1/5
[2026-07-06 21:07:33] [record 2/30] question_id=knowledge-update/852ce960 | window 2/17 | done ok=True memories=9 elapsed=23.99s
[2026-07-06 21:07:33] [record 2/30] question_id=knowledge-update/852ce960 | window 3/17 (window_index=2) | start
[2026-07-06 21:07:33] [record 2/30] question_id=knowledge-update/852ce960 | window 3/17 | attempt 1/5
[2026-07-06 21:08:02] [record 2/30] question_id=knowledge-update/852ce960 | window 3/17 | done ok=True memories=5 elapsed=29.67s
[2026-07-06 21:08:02] [record 2/30] question_id=knowledge-update/852ce960 | window 4/17 (window_index=3) | start
[2026-07-06 21:08:02] [record 2/30] question_id=knowledge-update/852ce960 | window 4/17 | attempt 1/5
[2026-07-06 21:08:24] [record 2/30] question_id=knowledge-update/852ce960 | window 4/17 | done ok=True memories=4 elapsed=21.32s
[2026-07-06 21:08:24] [record 2/30] question_id=knowledge-update/852ce960 | window 5/17 (window_index=4) | start
[2026-07-06 21:08:24] [record 2/30] question_id=knowledge-update/852ce960 | window 5/17 | attempt 1/5
[2026-07-06 21:08:48] [record 2/30] question_id=knowledge-update/852ce960 | window 5/17 | done ok=True memories=6 elapsed=23.92s
[2026-07-06 21:08:48] [record 2/30] question_id=knowledge-update/852ce960 | window 6/17 (window_index=5) | start
[2026-07-06 21:08:48] [record 2/30] question_id=knowledge-update/852ce960 | window 6/17 | attempt 1/5
[2026-07-06 21:09:18] [record 2/30] question_id=knowledge-update/852ce960 | window 6/17 | done ok=True memories=7 elapsed=30.60s
[2026-07-06 21:09:18] [record 2/30] question_id=knowledge-update/852ce960 | window 7/17 (window_index=6) | start
[2026-07-06 21:09:18] [record 2/30] question_id=knowledge-update/852ce960 | window 7/17 | attempt 1/5
[2026-07-06 21:09:32] [record 2/30] question_id=knowledge-update/852ce960 | window 7/17 | done ok=True memories=1 elapsed=14.13s
[2026-07-06 21:09:32] [record 2/30] question_id=knowledge-update/852ce960 | window 8/17 (window_index=7) | start
[2026-07-06 21:09:32] [record 2/30] question_id=knowledge-update/852ce960 | window 8/17 | attempt 1/5
[2026-07-06 21:10:04] [record 2/30] question_id=knowledge-update/852ce960 | window 8/17 | done ok=True memories=10 elapsed=31.32s
[2026-07-06 21:10:04] [record 2/30] question_id=knowledge-update/852ce960 | window 9/17 (window_index=8) | start
[2026-07-06 21:10:04] [record 2/30] question_id=knowledge-update/852ce960 | window 9/17 | attempt 1/5
[2026-07-06 21:10:38] [record 2/30] question_id=knowledge-update/852ce960 | window 9/17 | done ok=True memories=8 elapsed=34.19s
[2026-07-06 21:10:38] [record 2/30] question_id=knowledge-update/852ce960 | window 10/17 (window_index=9) | start
[2026-07-06 21:10:38] [record 2/30] question_id=knowledge-update/852ce960 | window 10/17 | attempt 1/5
[2026-07-06 21:11:07] [record 2/30] question_id=knowledge-update/852ce960 | window 10/17 | done ok=True memories=11 elapsed=28.77s
[2026-07-06 21:11:07] [record 2/30] question_id=knowledge-update/852ce960 | window 11/17 (window_index=10) | start
[2026-07-06 21:11:07] [record 2/30] question_id=knowledge-update/852ce960 | window 11/17 | attempt 1/5
[2026-07-06 21:11:27] [record 2/30] question_id=knowledge-update/852ce960 | window 11/17 | done ok=True memories=3 elapsed=19.83s
[2026-07-06 21:11:27] [record 2/30] question_id=knowledge-update/852ce960 | window 12/17 (window_index=11) | start
[2026-07-06 21:11:27] [record 2/30] question_id=knowledge-update/852ce960 | window 12/17 | attempt 1/5
[2026-07-06 21:12:07] [record 2/30] question_id=knowledge-update/852ce960 | window 12/17 | done ok=True memories=14 elapsed=40.04s
[2026-07-06 21:12:07] [record 2/30] question_id=knowledge-update/852ce960 | window 13/17 (window_index=12) | start
[2026-07-06 21:12:07] [record 2/30] question_id=knowledge-update/852ce960 | window 13/17 | attempt 1/5
[2026-07-06 21:12:49] [record 2/30] question_id=knowledge-update/852ce960 | window 13/17 | done ok=True memories=14 elapsed=42.16s
[2026-07-06 21:12:49] [record 2/30] question_id=knowledge-update/852ce960 | window 14/17 (window_index=13) | start
[2026-07-06 21:12:49] [record 2/30] question_id=knowledge-update/852ce960 | window 14/17 | attempt 1/5
[2026-07-06 21:13:11] [record 2/30] question_id=knowledge-update/852ce960 | window 14/17 | done ok=True memories=5 elapsed=21.75s
[2026-07-06 21:13:11] [record 2/30] question_id=knowledge-update/852ce960 | window 15/17 (window_index=14) | start
[2026-07-06 21:13:11] [record 2/30] question_id=knowledge-update/852ce960 | window 15/17 | attempt 1/5
[2026-07-06 21:13:35] [record 2/30] question_id=knowledge-update/852ce960 | window 15/17 | done ok=True memories=14 elapsed=24.10s
[2026-07-06 21:13:35] [record 2/30] question_id=knowledge-update/852ce960 | window 16/17 (window_index=15) | start
[2026-07-06 21:13:35] [record 2/30] question_id=knowledge-update/852ce960 | window 16/17 | attempt 1/5
[2026-07-06 21:14:00] [record 2/30] question_id=knowledge-update/852ce960 | window 16/17 | done ok=True memories=5 elapsed=25.07s
[2026-07-06 21:14:00] [record 2/30] question_id=knowledge-update/852ce960 | window 17/17 (window_index=16) | start
[2026-07-06 21:14:00] [record 2/30] question_id=knowledge-update/852ce960 | window 17/17 | attempt 1/5
[2026-07-06 21:14:03] [record 2/30] question_id=knowledge-update/852ce960 | window 17/17 | done ok=True memories=0 elapsed=3.07s
[2026-07-06 21:14:03] [record 2/30] question_id=knowledge-update/852ce960 | finished | ok_windows=17/17 | total_memories=126
[2026-07-06 21:14:03] [record 2/30] question_id=knowledge-update/852ce960 | record done | done=2/30 failed=0 skipped=0
[2026-07-06 21:14:03] [record 3/30] question_id=knowledge-update/07741c45 | start | done=2 failed=0 skipped=0
[2026-07-06 21:14:03] [record 3/30] question_id=knowledge-update/07741c45 | windows=22 | start extraction
[2026-07-06 21:14:03] [record 3/30] question_id=knowledge-update/07741c45 | window 1/22 (window_index=0) | start
[2026-07-06 21:14:03] [record 3/30] question_id=knowledge-update/07741c45 | window 1/22 | attempt 1/5
[2026-07-06 21:14:25] [record 3/30] question_id=knowledge-update/07741c45 | window 1/22 | done ok=True memories=5 elapsed=22.53s
[2026-07-06 21:14:25] [record 3/30] question_id=knowledge-update/07741c45 | window 2/22 (window_index=1) | start
[2026-07-06 21:14:25] [record 3/30] question_id=knowledge-update/07741c45 | window 2/22 | attempt 1/5
[2026-07-06 21:14:45] [record 3/30] question_id=knowledge-update/07741c45 | window 2/22 | done ok=True memories=6 elapsed=19.85s
[2026-07-06 21:14:45] [record 3/30] question_id=knowledge-update/07741c45 | window 3/22 (window_index=2) | start
[2026-07-06 21:14:45] [record 3/30] question_id=knowledge-update/07741c45 | window 3/22 | attempt 1/5
[2026-07-06 21:15:10] [record 3/30] question_id=knowledge-update/07741c45 | window 3/22 | done ok=True memories=7 elapsed=25.15s
[2026-07-06 21:15:10] [record 3/30] question_id=knowledge-update/07741c45 | window 4/22 (window_index=3) | start
[2026-07-06 21:15:10] [record 3/30] question_id=knowledge-update/07741c45 | window 4/22 | attempt 1/5
[2026-07-06 21:15:39] [record 3/30] question_id=knowledge-update/07741c45 | window 4/22 | done ok=True memories=8 elapsed=28.36s
[2026-07-06 21:15:39] [record 3/30] question_id=knowledge-update/07741c45 | window 5/22 (window_index=4) | start
[2026-07-06 21:15:39] [record 3/30] question_id=knowledge-update/07741c45 | window 5/22 | attempt 1/5
[2026-07-06 21:15:55] [record 3/30] question_id=knowledge-update/07741c45 | window 5/22 | done ok=True memories=3 elapsed=16.00s
[2026-07-06 21:15:55] [record 3/30] question_id=knowledge-update/07741c45 | window 6/22 (window_index=5) | start
[2026-07-06 21:15:55] [record 3/30] question_id=knowledge-update/07741c45 | window 6/22 | attempt 1/5
[2026-07-06 21:16:26] [record 3/30] question_id=knowledge-update/07741c45 | window 6/22 | done ok=True memories=11 elapsed=31.47s
[2026-07-06 21:16:26] [record 3/30] question_id=knowledge-update/07741c45 | window 7/22 (window_index=6) | start
[2026-07-06 21:16:26] [record 3/30] question_id=knowledge-update/07741c45 | window 7/22 | attempt 1/5
[2026-07-06 21:16:54] [record 3/30] question_id=knowledge-update/07741c45 | window 7/22 | done ok=True memories=11 elapsed=27.41s
[2026-07-06 21:16:54] [record 3/30] question_id=knowledge-update/07741c45 | window 8/22 (window_index=7) | start
[2026-07-06 21:16:54] [record 3/30] question_id=knowledge-update/07741c45 | window 8/22 | attempt 1/5
[2026-07-06 21:17:29] [record 3/30] question_id=knowledge-update/07741c45 | window 8/22 | done ok=True memories=4 elapsed=35.31s
[2026-07-06 21:17:29] [record 3/30] question_id=knowledge-update/07741c45 | window 9/22 (window_index=8) | start
[2026-07-06 21:17:29] [record 3/30] question_id=knowledge-update/07741c45 | window 9/22 | attempt 1/5
[2026-07-06 21:17:48] [record 3/30] question_id=knowledge-update/07741c45 | window 9/22 | done ok=True memories=4 elapsed=18.95s
[2026-07-06 21:17:48] [record 3/30] question_id=knowledge-update/07741c45 | window 10/22 (window_index=9) | start
[2026-07-06 21:17:48] [record 3/30] question_id=knowledge-update/07741c45 | window 10/22 | attempt 1/5
[2026-07-06 21:18:19] [record 3/30] question_id=knowledge-update/07741c45 | window 10/22 | done ok=True memories=5 elapsed=31.39s
[2026-07-06 21:18:19] [record 3/30] question_id=knowledge-update/07741c45 | window 11/22 (window_index=10) | start
[2026-07-06 21:18:19] [record 3/30] question_id=knowledge-update/07741c45 | window 11/22 | attempt 1/5
[2026-07-06 21:18:42] [record 3/30] question_id=knowledge-update/07741c45 | window 11/22 | done ok=True memories=6 elapsed=22.96s
[2026-07-06 21:18:42] [record 3/30] question_id=knowledge-update/07741c45 | window 12/22 (window_index=11) | start
[2026-07-06 21:18:42] [record 3/30] question_id=knowledge-update/07741c45 | window 12/22 | attempt 1/5
[2026-07-06 21:19:24] [record 3/30] question_id=knowledge-update/07741c45 | window 12/22 | done ok=True memories=15 elapsed=41.74s
[2026-07-06 21:19:24] [record 3/30] question_id=knowledge-update/07741c45 | window 13/22 (window_index=12) | start
[2026-07-06 21:19:24] [record 3/30] question_id=knowledge-update/07741c45 | window 13/22 | attempt 1/5
[2026-07-06 21:19:49] [record 3/30] question_id=knowledge-update/07741c45 | window 13/22 | done ok=True memories=5 elapsed=24.75s
[2026-07-06 21:19:49] [record 3/30] question_id=knowledge-update/07741c45 | window 14/22 (window_index=13) | start
[2026-07-06 21:19:49] [record 3/30] question_id=knowledge-update/07741c45 | window 14/22 | attempt 1/5
[2026-07-06 21:20:19] [record 3/30] question_id=knowledge-update/07741c45 | window 14/22 | done ok=True memories=9 elapsed=30.77s
[2026-07-06 21:20:19] [record 3/30] question_id=knowledge-update/07741c45 | window 15/22 (window_index=14) | start
[2026-07-06 21:20:19] [record 3/30] question_id=knowledge-update/07741c45 | window 15/22 | attempt 1/5
[2026-07-06 21:21:21] [record 3/30] question_id=knowledge-update/07741c45 | window 15/22 | done ok=True memories=7 elapsed=61.38s
[2026-07-06 21:21:21] [record 3/30] question_id=knowledge-update/07741c45 | window 16/22 (window_index=15) | start
[2026-07-06 21:21:21] [record 3/30] question_id=knowledge-update/07741c45 | window 16/22 | attempt 1/5
[2026-07-06 21:21:50] [record 3/30] question_id=knowledge-update/07741c45 | window 16/22 | done ok=True memories=14 elapsed=28.82s
[2026-07-06 21:21:50] [record 3/30] question_id=knowledge-update/07741c45 | window 17/22 (window_index=16) | start
[2026-07-06 21:21:50] [record 3/30] question_id=knowledge-update/07741c45 | window 17/22 | attempt 1/5
[2026-07-06 21:22:32] [record 3/30] question_id=knowledge-update/07741c45 | window 17/22 | done ok=True memories=9 elapsed=42.49s
[2026-07-06 21:22:32] [record 3/30] question_id=knowledge-update/07741c45 | window 18/22 (window_index=17) | start
[2026-07-06 21:22:32] [record 3/30] question_id=knowledge-update/07741c45 | window 18/22 | attempt 1/5
[2026-07-06 21:23:05] [record 3/30] question_id=knowledge-update/07741c45 | window 18/22 | done ok=True memories=6 elapsed=32.58s
[2026-07-06 21:23:05] [record 3/30] question_id=knowledge-update/07741c45 | window 19/22 (window_index=18) | start
[2026-07-06 21:23:05] [record 3/30] question_id=knowledge-update/07741c45 | window 19/22 | attempt 1/5
[2026-07-06 21:23:19] [record 3/30] question_id=knowledge-update/07741c45 | window 19/22 | done ok=True memories=1 elapsed=14.74s
[2026-07-06 21:23:19] [record 3/30] question_id=knowledge-update/07741c45 | window 20/22 (window_index=19) | start
[2026-07-06 21:23:19] [record 3/30] question_id=knowledge-update/07741c45 | window 20/22 | attempt 1/5
[2026-07-06 21:23:41] [record 3/30] question_id=knowledge-update/07741c45 | window 20/22 | done ok=True memories=3 elapsed=21.70s
[2026-07-06 21:23:41] [record 3/30] question_id=knowledge-update/07741c45 | window 21/22 (window_index=20) | start
[2026-07-06 21:23:41] [record 3/30] question_id=knowledge-update/07741c45 | window 21/22 | attempt 1/5
[2026-07-06 21:24:21] [record 3/30] question_id=knowledge-update/07741c45 | window 21/22 | done ok=True memories=11 elapsed=40.10s
[2026-07-06 21:24:21] [record 3/30] question_id=knowledge-update/07741c45 | window 22/22 (window_index=21) | start
[2026-07-06 21:24:21] [record 3/30] question_id=knowledge-update/07741c45 | window 22/22 | attempt 1/5
[2026-07-06 21:24:41] [record 3/30] question_id=knowledge-update/07741c45 | window 22/22 | done ok=True memories=6 elapsed=19.40s
[2026-07-06 21:24:41] [record 3/30] question_id=knowledge-update/07741c45 | finished | ok_windows=22/22 | total_memories=156
[2026-07-06 21:24:41] [record 3/30] question_id=knowledge-update/07741c45 | record done | done=3/30 failed=0 skipped=0
[2026-07-06 21:24:41] [record 4/30] question_id=knowledge-update/0977f2af | start | done=3 failed=0 skipped=0
[2026-07-06 21:24:41] [record 4/30] question_id=knowledge-update/0977f2af | windows=20 | start extraction
[2026-07-06 21:24:41] [record 4/30] question_id=knowledge-update/0977f2af | window 1/20 (window_index=0) | start
[2026-07-06 21:24:41] [record 4/30] question_id=knowledge-update/0977f2af | window 1/20 | attempt 1/5
[2026-07-06 21:25:07] [record 4/30] question_id=knowledge-update/0977f2af | window 1/20 | done ok=True memories=10 elapsed=26.28s
[2026-07-06 21:25:07] [record 4/30] question_id=knowledge-update/0977f2af | window 2/20 (window_index=1) | start
[2026-07-06 21:25:07] [record 4/30] question_id=knowledge-update/0977f2af | window 2/20 | attempt 1/5
[2026-07-06 21:25:33] [record 4/30] question_id=knowledge-update/0977f2af | window 2/20 | done ok=True memories=5 elapsed=26.35s
[2026-07-06 21:25:33] [record 4/30] question_id=knowledge-update/0977f2af | window 3/20 (window_index=2) | start
[2026-07-06 21:25:33] [record 4/30] question_id=knowledge-update/0977f2af | window 3/20 | attempt 1/5
[2026-07-06 21:26:18] [record 4/30] question_id=knowledge-update/0977f2af | window 3/20 | done ok=True memories=3 elapsed=44.38s
[2026-07-06 21:26:18] [record 4/30] question_id=knowledge-update/0977f2af | window 4/20 (window_index=3) | start
[2026-07-06 21:26:18] [record 4/30] question_id=knowledge-update/0977f2af | window 4/20 | attempt 1/5
[2026-07-06 21:26:53] [record 4/30] question_id=knowledge-update/0977f2af | window 4/20 | done ok=True memories=13 elapsed=35.22s
[2026-07-06 21:26:53] [record 4/30] question_id=knowledge-update/0977f2af | window 5/20 (window_index=4) | start
[2026-07-06 21:26:53] [record 4/30] question_id=knowledge-update/0977f2af | window 5/20 | attempt 1/5
[2026-07-06 21:27:08] [record 4/30] question_id=knowledge-update/0977f2af | window 5/20 | done ok=True memories=2 elapsed=15.07s
[2026-07-06 21:27:08] [record 4/30] question_id=knowledge-update/0977f2af | window 6/20 (window_index=5) | start
[2026-07-06 21:27:08] [record 4/30] question_id=knowledge-update/0977f2af | window 6/20 | attempt 1/5
[2026-07-06 21:27:41] [record 4/30] question_id=knowledge-update/0977f2af | window 6/20 | done ok=True memories=11 elapsed=33.10s
[2026-07-06 21:27:41] [record 4/30] question_id=knowledge-update/0977f2af | window 7/20 (window_index=6) | start
[2026-07-06 21:27:41] [record 4/30] question_id=knowledge-update/0977f2af | window 7/20 | attempt 1/5
[2026-07-06 21:28:05] [record 4/30] question_id=knowledge-update/0977f2af | window 7/20 | done ok=True memories=3 elapsed=23.90s
[2026-07-06 21:28:05] [record 4/30] question_id=knowledge-update/0977f2af | window 8/20 (window_index=7) | start
[2026-07-06 21:28:05] [record 4/30] question_id=knowledge-update/0977f2af | window 8/20 | attempt 1/5
[2026-07-06 21:28:48] [record 4/30] question_id=knowledge-update/0977f2af | window 8/20 | done ok=True memories=6 elapsed=42.72s
[2026-07-06 21:28:48] [record 4/30] question_id=knowledge-update/0977f2af | window 9/20 (window_index=8) | start
[2026-07-06 21:28:48] [record 4/30] question_id=knowledge-update/0977f2af | window 9/20 | attempt 1/5
[2026-07-06 21:29:12] [record 4/30] question_id=knowledge-update/0977f2af | window 9/20 | done ok=True memories=11 elapsed=24.81s
[2026-07-06 21:29:12] [record 4/30] question_id=knowledge-update/0977f2af | window 10/20 (window_index=9) | start
[2026-07-06 21:29:13] [record 4/30] question_id=knowledge-update/0977f2af | window 10/20 | attempt 1/5
[2026-07-06 21:29:35] [record 4/30] question_id=knowledge-update/0977f2af | window 10/20 | done ok=True memories=11 elapsed=22.17s
[2026-07-06 21:29:35] [record 4/30] question_id=knowledge-update/0977f2af | window 11/20 (window_index=10) | start
[2026-07-06 21:29:35] [record 4/30] question_id=knowledge-update/0977f2af | window 11/20 | attempt 1/5
[2026-07-06 21:30:02] [record 4/30] question_id=knowledge-update/0977f2af | window 11/20 | done ok=True memories=7 elapsed=27.20s
[2026-07-06 21:30:02] [record 4/30] question_id=knowledge-update/0977f2af | window 12/20 (window_index=11) | start
[2026-07-06 21:30:02] [record 4/30] question_id=knowledge-update/0977f2af | window 12/20 | attempt 1/5
[2026-07-06 21:30:49] [record 4/30] question_id=knowledge-update/0977f2af | window 12/20 | done ok=True memories=11 elapsed=47.29s
[2026-07-06 21:30:49] [record 4/30] question_id=knowledge-update/0977f2af | window 13/20 (window_index=12) | start
[2026-07-06 21:30:49] [record 4/30] question_id=knowledge-update/0977f2af | window 13/20 | attempt 1/5
[2026-07-06 21:31:21] [record 4/30] question_id=knowledge-update/0977f2af | window 13/20 | done ok=True memories=7 elapsed=31.79s
[2026-07-06 21:31:21] [record 4/30] question_id=knowledge-update/0977f2af | window 14/20 (window_index=13) | start
[2026-07-06 21:31:21] [record 4/30] question_id=knowledge-update/0977f2af | window 14/20 | attempt 1/5
[2026-07-06 21:32:03] [record 4/30] question_id=knowledge-update/0977f2af | window 14/20 | done ok=True memories=8 elapsed=42.22s
[2026-07-06 21:32:03] [record 4/30] question_id=knowledge-update/0977f2af | window 15/20 (window_index=14) | start
[2026-07-06 21:32:03] [record 4/30] question_id=knowledge-update/0977f2af | window 15/20 | attempt 1/5
[2026-07-06 21:32:25] [record 4/30] question_id=knowledge-update/0977f2af | window 15/20 | done ok=True memories=9 elapsed=21.75s
[2026-07-06 21:32:25] [record 4/30] question_id=knowledge-update/0977f2af | window 16/20 (window_index=15) | start
[2026-07-06 21:32:25] [record 4/30] question_id=knowledge-update/0977f2af | window 16/20 | attempt 1/5
[2026-07-06 21:33:12] [record 4/30] question_id=knowledge-update/0977f2af | window 16/20 | done ok=True memories=16 elapsed=46.62s
[2026-07-06 21:33:12] [record 4/30] question_id=knowledge-update/0977f2af | window 17/20 (window_index=16) | start
[2026-07-06 21:33:12] [record 4/30] question_id=knowledge-update/0977f2af | window 17/20 | attempt 1/5
[2026-07-06 21:33:40] [record 4/30] question_id=knowledge-update/0977f2af | window 17/20 | done ok=True memories=8 elapsed=28.47s
[2026-07-06 21:33:40] [record 4/30] question_id=knowledge-update/0977f2af | window 18/20 (window_index=17) | start
[2026-07-06 21:33:40] [record 4/30] question_id=knowledge-update/0977f2af | window 18/20 | attempt 1/5
[2026-07-06 21:34:08] [record 4/30] question_id=knowledge-update/0977f2af | window 18/20 | done ok=True memories=10 elapsed=28.14s
[2026-07-06 21:34:08] [record 4/30] question_id=knowledge-update/0977f2af | window 19/20 (window_index=18) | start
[2026-07-06 21:34:08] [record 4/30] question_id=knowledge-update/0977f2af | window 19/20 | attempt 1/5
[2026-07-06 21:34:30] [record 4/30] question_id=knowledge-update/0977f2af | window 19/20 | done ok=True memories=8 elapsed=21.65s
[2026-07-06 21:34:30] [record 4/30] question_id=knowledge-update/0977f2af | window 20/20 (window_index=19) | start
[2026-07-06 21:34:30] [record 4/30] question_id=knowledge-update/0977f2af | window 20/20 | attempt 1/5
[2026-07-06 21:34:43] [record 4/30] question_id=knowledge-update/0977f2af | window 20/20 | done ok=True memories=3 elapsed=12.92s
[2026-07-06 21:34:43] [record 4/30] question_id=knowledge-update/0977f2af | finished | ok_windows=20/20 | total_memories=162
[2026-07-06 21:34:43] [record 4/30] question_id=knowledge-update/0977f2af | record done | done=4/30 failed=0 skipped=0
[2026-07-06 21:34:43] [record 5/30] question_id=knowledge-update/618f13b2 | start | done=4 failed=0 skipped=0
[2026-07-06 21:34:43] [record 5/30] question_id=knowledge-update/618f13b2 | windows=21 | start extraction
[2026-07-06 21:34:43] [record 5/30] question_id=knowledge-update/618f13b2 | window 1/21 (window_index=0) | start
[2026-07-06 21:34:43] [record 5/30] question_id=knowledge-update/618f13b2 | window 1/21 | attempt 1/5
[2026-07-06 21:34:59] [record 5/30] question_id=knowledge-update/618f13b2 | window 1/21 | done ok=True memories=6 elapsed=16.33s
[2026-07-06 21:34:59] [record 5/30] question_id=knowledge-update/618f13b2 | window 2/21 (window_index=1) | start
[2026-07-06 21:34:59] [record 5/30] question_id=knowledge-update/618f13b2 | window 2/21 | attempt 1/5
[2026-07-06 21:35:49] [record 5/30] question_id=knowledge-update/618f13b2 | window 2/21 | done ok=True memories=15 elapsed=49.56s
[2026-07-06 21:35:49] [record 5/30] question_id=knowledge-update/618f13b2 | window 3/21 (window_index=2) | start
[2026-07-06 21:35:49] [record 5/30] question_id=knowledge-update/618f13b2 | window 3/21 | attempt 1/5
[2026-07-06 21:36:18] [record 5/30] question_id=knowledge-update/618f13b2 | window 3/21 | done ok=True memories=9 elapsed=29.83s
[2026-07-06 21:36:18] [record 5/30] question_id=knowledge-update/618f13b2 | window 4/21 (window_index=3) | start
[2026-07-06 21:36:18] [record 5/30] question_id=knowledge-update/618f13b2 | window 4/21 | attempt 1/5
[2026-07-06 21:36:49] [record 5/30] question_id=knowledge-update/618f13b2 | window 4/21 | done ok=True memories=9 elapsed=30.98s
[2026-07-06 21:36:49] [record 5/30] question_id=knowledge-update/618f13b2 | window 5/21 (window_index=4) | start
[2026-07-06 21:36:49] [record 5/30] question_id=knowledge-update/618f13b2 | window 5/21 | attempt 1/5
[2026-07-06 21:37:26] [record 5/30] question_id=knowledge-update/618f13b2 | window 5/21 | done ok=True memories=2 elapsed=36.37s
[2026-07-06 21:37:26] [record 5/30] question_id=knowledge-update/618f13b2 | window 6/21 (window_index=5) | start
[2026-07-06 21:37:26] [record 5/30] question_id=knowledge-update/618f13b2 | window 6/21 | attempt 1/5
[2026-07-06 21:37:53] [record 5/30] question_id=knowledge-update/618f13b2 | window 6/21 | done ok=True memories=4 elapsed=27.12s
[2026-07-06 21:37:53] [record 5/30] question_id=knowledge-update/618f13b2 | window 7/21 (window_index=6) | start
[2026-07-06 21:37:53] [record 5/30] question_id=knowledge-update/618f13b2 | window 7/21 | attempt 1/5
[2026-07-06 21:38:16] [record 5/30] question_id=knowledge-update/618f13b2 | window 7/21 | done ok=True memories=10 elapsed=23.27s
[2026-07-06 21:38:16] [record 5/30] question_id=knowledge-update/618f13b2 | window 8/21 (window_index=7) | start
[2026-07-06 21:38:16] [record 5/30] question_id=knowledge-update/618f13b2 | window 8/21 | attempt 1/5
[2026-07-06 21:38:46] [record 5/30] question_id=knowledge-update/618f13b2 | window 8/21 | done ok=True memories=11 elapsed=30.14s
[2026-07-06 21:38:46] [record 5/30] question_id=knowledge-update/618f13b2 | window 9/21 (window_index=8) | start
[2026-07-06 21:38:46] [record 5/30] question_id=knowledge-update/618f13b2 | window 9/21 | attempt 1/5
[2026-07-06 21:39:30] [record 5/30] question_id=knowledge-update/618f13b2 | window 9/21 | done ok=True memories=6 elapsed=43.25s
[2026-07-06 21:39:30] [record 5/30] question_id=knowledge-update/618f13b2 | window 10/21 (window_index=9) | start
[2026-07-06 21:39:30] [record 5/30] question_id=knowledge-update/618f13b2 | window 10/21 | attempt 1/5
[2026-07-06 21:40:07] [record 5/30] question_id=knowledge-update/618f13b2 | window 10/21 | done ok=True memories=8 elapsed=37.79s
[2026-07-06 21:40:07] [record 5/30] question_id=knowledge-update/618f13b2 | window 11/21 (window_index=10) | start
[2026-07-06 21:40:07] [record 5/30] question_id=knowledge-update/618f13b2 | window 11/21 | attempt 1/5
[2026-07-06 21:40:35] [record 5/30] question_id=knowledge-update/618f13b2 | window 11/21 | done ok=True memories=8 elapsed=27.21s
[2026-07-06 21:40:35] [record 5/30] question_id=knowledge-update/618f13b2 | window 12/21 (window_index=11) | start
[2026-07-06 21:40:35] [record 5/30] question_id=knowledge-update/618f13b2 | window 12/21 | attempt 1/5
[2026-07-06 21:40:59] [record 5/30] question_id=knowledge-update/618f13b2 | window 12/21 | done ok=True memories=5 elapsed=24.54s
[2026-07-06 21:40:59] [record 5/30] question_id=knowledge-update/618f13b2 | window 13/21 (window_index=12) | start
[2026-07-06 21:40:59] [record 5/30] question_id=knowledge-update/618f13b2 | window 13/21 | attempt 1/5
[2026-07-06 21:41:19] [record 5/30] question_id=knowledge-update/618f13b2 | window 13/21 | done ok=True memories=5 elapsed=20.32s
[2026-07-06 21:41:19] [record 5/30] question_id=knowledge-update/618f13b2 | window 14/21 (window_index=13) | start
[2026-07-06 21:41:19] [record 5/30] question_id=knowledge-update/618f13b2 | window 14/21 | attempt 1/5
[2026-07-06 21:41:51] [record 5/30] question_id=knowledge-update/618f13b2 | window 14/21 | done ok=True memories=5 elapsed=31.47s
[2026-07-06 21:41:51] [record 5/30] question_id=knowledge-update/618f13b2 | window 15/21 (window_index=14) | start
[2026-07-06 21:41:51] [record 5/30] question_id=knowledge-update/618f13b2 | window 15/21 | attempt 1/5
[2026-07-06 21:42:19] [record 5/30] question_id=knowledge-update/618f13b2 | window 15/21 | done ok=True memories=7 elapsed=28.30s
[2026-07-06 21:42:19] [record 5/30] question_id=knowledge-update/618f13b2 | window 16/21 (window_index=15) | start
[2026-07-06 21:42:19] [record 5/30] question_id=knowledge-update/618f13b2 | window 16/21 | attempt 1/5
[2026-07-06 21:43:05] [record 5/30] question_id=knowledge-update/618f13b2 | window 16/21 | done ok=True memories=11 elapsed=46.18s
[2026-07-06 21:43:05] [record 5/30] question_id=knowledge-update/618f13b2 | window 17/21 (window_index=16) | start
[2026-07-06 21:43:05] [record 5/30] question_id=knowledge-update/618f13b2 | window 17/21 | attempt 1/5
[2026-07-06 21:43:31] [record 5/30] question_id=knowledge-update/618f13b2 | window 17/21 | done ok=True memories=5 elapsed=25.32s
[2026-07-06 21:43:31] [record 5/30] question_id=knowledge-update/618f13b2 | window 18/21 (window_index=17) | start
[2026-07-06 21:43:31] [record 5/30] question_id=knowledge-update/618f13b2 | window 18/21 | attempt 1/5
[2026-07-06 21:43:52] [record 5/30] question_id=knowledge-update/618f13b2 | window 18/21 | done ok=True memories=6 elapsed=20.78s
[2026-07-06 21:43:52] [record 5/30] question_id=knowledge-update/618f13b2 | window 19/21 (window_index=18) | start
[2026-07-06 21:43:52] [record 5/30] question_id=knowledge-update/618f13b2 | window 19/21 | attempt 1/5
[2026-07-06 21:44:35] [record 5/30] question_id=knowledge-update/618f13b2 | window 19/21 | done ok=True memories=9 elapsed=43.01s
[2026-07-06 21:44:35] [record 5/30] question_id=knowledge-update/618f13b2 | window 20/21 (window_index=19) | start
[2026-07-06 21:44:35] [record 5/30] question_id=knowledge-update/618f13b2 | window 20/21 | attempt 1/5
[2026-07-06 21:45:02] [record 5/30] question_id=knowledge-update/618f13b2 | window 20/21 | done ok=True memories=4 elapsed=27.05s
[2026-07-06 21:45:02] [record 5/30] question_id=knowledge-update/618f13b2 | window 21/21 (window_index=20) | start
[2026-07-06 21:45:02] [record 5/30] question_id=knowledge-update/618f13b2 | window 21/21 | attempt 1/5
[2026-07-06 21:45:24] [record 5/30] question_id=knowledge-update/618f13b2 | window 21/21 | done ok=True memories=1 elapsed=21.96s
[2026-07-06 21:45:24] [record 5/30] question_id=knowledge-update/618f13b2 | finished | ok_windows=21/21 | total_memories=146
[2026-07-06 21:45:24] [record 5/30] question_id=knowledge-update/618f13b2 | record done | done=5/30 failed=0 skipped=0
[2026-07-06 21:45:24] [record 6/30] question_id=multi-session/88432d0a_abs | start | done=5 failed=0 skipped=0
[2026-07-06 21:45:24] [record 6/30] question_id=multi-session/88432d0a_abs | windows=21 | start extraction
[2026-07-06 21:45:24] [record 6/30] question_id=multi-session/88432d0a_abs | window 1/21 (window_index=0) | start
[2026-07-06 21:45:24] [record 6/30] question_id=multi-session/88432d0a_abs | window 1/21 | attempt 1/5
[2026-07-06 21:46:03] [record 6/30] question_id=multi-session/88432d0a_abs | window 1/21 | done ok=True memories=15 elapsed=39.32s
[2026-07-06 21:46:03] [record 6/30] question_id=multi-session/88432d0a_abs | window 2/21 (window_index=1) | start
[2026-07-06 21:46:03] [record 6/30] question_id=multi-session/88432d0a_abs | window 2/21 | attempt 1/5
[2026-07-06 21:46:43] [record 6/30] question_id=multi-session/88432d0a_abs | window 2/21 | done ok=True memories=10 elapsed=40.50s
[2026-07-06 21:46:43] [record 6/30] question_id=multi-session/88432d0a_abs | window 3/21 (window_index=2) | start
[2026-07-06 21:46:43] [record 6/30] question_id=multi-session/88432d0a_abs | window 3/21 | attempt 1/5
[2026-07-06 21:47:28] [record 6/30] question_id=multi-session/88432d0a_abs | window 3/21 | done ok=True memories=6 elapsed=44.15s
[2026-07-06 21:47:28] [record 6/30] question_id=multi-session/88432d0a_abs | window 4/21 (window_index=3) | start
[2026-07-06 21:47:28] [record 6/30] question_id=multi-session/88432d0a_abs | window 4/21 | attempt 1/5
[2026-07-06 21:48:05] [record 6/30] question_id=multi-session/88432d0a_abs | window 4/21 | done ok=True memories=8 elapsed=37.60s
[2026-07-06 21:48:05] [record 6/30] question_id=multi-session/88432d0a_abs | window 5/21 (window_index=4) | start
[2026-07-06 21:48:05] [record 6/30] question_id=multi-session/88432d0a_abs | window 5/21 | attempt 1/5
[2026-07-06 21:48:56] [record 6/30] question_id=multi-session/88432d0a_abs | window 5/21 | done ok=True memories=14 elapsed=50.46s
[2026-07-06 21:48:56] [record 6/30] question_id=multi-session/88432d0a_abs | window 6/21 (window_index=5) | start
[2026-07-06 21:48:56] [record 6/30] question_id=multi-session/88432d0a_abs | window 6/21 | attempt 1/5
[2026-07-06 21:49:27] [record 6/30] question_id=multi-session/88432d0a_abs | window 6/21 | done ok=True memories=8 elapsed=31.12s
[2026-07-06 21:49:27] [record 6/30] question_id=multi-session/88432d0a_abs | window 7/21 (window_index=6) | start
[2026-07-06 21:49:27] [record 6/30] question_id=multi-session/88432d0a_abs | window 7/21 | attempt 1/5
[2026-07-06 21:49:44] [record 6/30] question_id=multi-session/88432d0a_abs | window 7/21 | done ok=True memories=4 elapsed=16.89s
[2026-07-06 21:49:44] [record 6/30] question_id=multi-session/88432d0a_abs | window 8/21 (window_index=7) | start
[2026-07-06 21:49:44] [record 6/30] question_id=multi-session/88432d0a_abs | window 8/21 | attempt 1/5
[2026-07-06 21:50:21] [record 6/30] question_id=multi-session/88432d0a_abs | window 8/21 | done ok=True memories=16 elapsed=37.24s
[2026-07-06 21:50:21] [record 6/30] question_id=multi-session/88432d0a_abs | window 9/21 (window_index=8) | start
[2026-07-06 21:50:21] [record 6/30] question_id=multi-session/88432d0a_abs | window 9/21 | attempt 1/5
[2026-07-06 21:50:58] [record 6/30] question_id=multi-session/88432d0a_abs | window 9/21 | done ok=True memories=8 elapsed=37.52s
[2026-07-06 21:50:58] [record 6/30] question_id=multi-session/88432d0a_abs | window 10/21 (window_index=9) | start
[2026-07-06 21:50:58] [record 6/30] question_id=multi-session/88432d0a_abs | window 10/21 | attempt 1/5
[2026-07-06 21:51:21] [record 6/30] question_id=multi-session/88432d0a_abs | window 10/21 | done ok=True memories=6 elapsed=22.25s
[2026-07-06 21:51:21] [record 6/30] question_id=multi-session/88432d0a_abs | window 11/21 (window_index=10) | start
[2026-07-06 21:51:21] [record 6/30] question_id=multi-session/88432d0a_abs | window 11/21 | attempt 1/5
[2026-07-06 21:51:59] [record 6/30] question_id=multi-session/88432d0a_abs | window 11/21 | done ok=True memories=8 elapsed=38.10s
[2026-07-06 21:51:59] [record 6/30] question_id=multi-session/88432d0a_abs | window 12/21 (window_index=11) | start
[2026-07-06 21:51:59] [record 6/30] question_id=multi-session/88432d0a_abs | window 12/21 | attempt 1/5
[2026-07-06 21:52:40] [record 6/30] question_id=multi-session/88432d0a_abs | window 12/21 | done ok=True memories=12 elapsed=40.77s
[2026-07-06 21:52:40] [record 6/30] question_id=multi-session/88432d0a_abs | window 13/21 (window_index=12) | start
[2026-07-06 21:52:40] [record 6/30] question_id=multi-session/88432d0a_abs | window 13/21 | attempt 1/5
[2026-07-06 21:53:34] [record 6/30] question_id=multi-session/88432d0a_abs | window 13/21 | done ok=True memories=20 elapsed=54.70s
[2026-07-06 21:53:34] [record 6/30] question_id=multi-session/88432d0a_abs | window 14/21 (window_index=13) | start
[2026-07-06 21:53:34] [record 6/30] question_id=multi-session/88432d0a_abs | window 14/21 | attempt 1/5
[2026-07-06 21:53:57] [record 6/30] question_id=multi-session/88432d0a_abs | window 14/21 | done ok=True memories=2 elapsed=23.02s
[2026-07-06 21:53:57] [record 6/30] question_id=multi-session/88432d0a_abs | window 15/21 (window_index=14) | start
[2026-07-06 21:53:57] [record 6/30] question_id=multi-session/88432d0a_abs | window 15/21 | attempt 1/5
[2026-07-06 21:54:14] [record 6/30] question_id=multi-session/88432d0a_abs | window 15/21 | done ok=True memories=6 elapsed=17.02s
[2026-07-06 21:54:14] [record 6/30] question_id=multi-session/88432d0a_abs | window 16/21 (window_index=15) | start
[2026-07-06 21:54:14] [record 6/30] question_id=multi-session/88432d0a_abs | window 16/21 | attempt 1/5
[2026-07-06 21:54:23] [record 6/30] question_id=multi-session/88432d0a_abs | window 16/21 | done ok=True memories=4 elapsed=9.13s
[2026-07-06 21:54:23] [record 6/30] question_id=multi-session/88432d0a_abs | window 17/21 (window_index=16) | start
[2026-07-06 21:54:23] [record 6/30] question_id=multi-session/88432d0a_abs | window 17/21 | attempt 1/5
[2026-07-06 21:55:08] [record 6/30] question_id=multi-session/88432d0a_abs | window 17/21 | done ok=True memories=13 elapsed=44.18s
[2026-07-06 21:55:08] [record 6/30] question_id=multi-session/88432d0a_abs | window 18/21 (window_index=17) | start
[2026-07-06 21:55:08] [record 6/30] question_id=multi-session/88432d0a_abs | window 18/21 | attempt 1/5
[2026-07-06 21:55:59] [record 6/30] question_id=multi-session/88432d0a_abs | window 18/21 | done ok=True memories=9 elapsed=51.22s
[2026-07-06 21:55:59] [record 6/30] question_id=multi-session/88432d0a_abs | window 19/21 (window_index=18) | start
[2026-07-06 21:55:59] [record 6/30] question_id=multi-session/88432d0a_abs | window 19/21 | attempt 1/5
[2026-07-06 21:56:29] [record 6/30] question_id=multi-session/88432d0a_abs | window 19/21 | done ok=True memories=8 elapsed=30.45s
[2026-07-06 21:56:29] [record 6/30] question_id=multi-session/88432d0a_abs | window 20/21 (window_index=19) | start
[2026-07-06 21:56:29] [record 6/30] question_id=multi-session/88432d0a_abs | window 20/21 | attempt 1/5
[2026-07-06 21:57:00] [record 6/30] question_id=multi-session/88432d0a_abs | window 20/21 | done ok=True memories=11 elapsed=30.64s
[2026-07-06 21:57:00] [record 6/30] question_id=multi-session/88432d0a_abs | window 21/21 (window_index=20) | start
[2026-07-06 21:57:00] [record 6/30] question_id=multi-session/88432d0a_abs | window 21/21 | attempt 1/5
[2026-07-06 21:57:31] [record 6/30] question_id=multi-session/88432d0a_abs | window 21/21 | done ok=True memories=16 elapsed=30.90s
[2026-07-06 21:57:31] [record 6/30] question_id=multi-session/88432d0a_abs | finished | ok_windows=21/21 | total_memories=204
[2026-07-06 21:57:31] [record 6/30] question_id=multi-session/88432d0a_abs | record done | done=6/30 failed=0 skipped=0
[2026-07-06 21:57:31] [record 7/30] question_id=multi-session/51c32626 | start | done=6 failed=0 skipped=0
[2026-07-06 21:57:31] [record 7/30] question_id=multi-session/51c32626 | windows=20 | start extraction
[2026-07-06 21:57:31] [record 7/30] question_id=multi-session/51c32626 | window 1/20 (window_index=0) | start
[2026-07-06 21:57:31] [record 7/30] question_id=multi-session/51c32626 | window 1/20 | attempt 1/5
[2026-07-06 21:57:55] [record 7/30] question_id=multi-session/51c32626 | window 1/20 | done ok=True memories=10 elapsed=24.62s
[2026-07-06 21:57:55] [record 7/30] question_id=multi-session/51c32626 | window 2/20 (window_index=1) | start
[2026-07-06 21:57:55] [record 7/30] question_id=multi-session/51c32626 | window 2/20 | attempt 1/5
[2026-07-06 21:58:23] [record 7/30] question_id=multi-session/51c32626 | window 2/20 | done ok=True memories=3 elapsed=27.17s
[2026-07-06 21:58:23] [record 7/30] question_id=multi-session/51c32626 | window 3/20 (window_index=2) | start
[2026-07-06 21:58:23] [record 7/30] question_id=multi-session/51c32626 | window 3/20 | attempt 1/5
[2026-07-06 21:58:54] [record 7/30] question_id=multi-session/51c32626 | window 3/20 | done ok=True memories=9 elapsed=31.00s
[2026-07-06 21:58:54] [record 7/30] question_id=multi-session/51c32626 | window 4/20 (window_index=3) | start
[2026-07-06 21:58:54] [record 7/30] question_id=multi-session/51c32626 | window 4/20 | attempt 1/5
[2026-07-06 21:59:22] [record 7/30] question_id=multi-session/51c32626 | window 4/20 | done ok=True memories=14 elapsed=28.35s
[2026-07-06 21:59:22] [record 7/30] question_id=multi-session/51c32626 | window 5/20 (window_index=4) | start
[2026-07-06 21:59:22] [record 7/30] question_id=multi-session/51c32626 | window 5/20 | attempt 1/5
[2026-07-06 22:00:11] [record 7/30] question_id=multi-session/51c32626 | window 5/20 | done ok=True memories=4 elapsed=49.48s
[2026-07-06 22:00:11] [record 7/30] question_id=multi-session/51c32626 | window 6/20 (window_index=5) | start
[2026-07-06 22:00:11] [record 7/30] question_id=multi-session/51c32626 | window 6/20 | attempt 1/5
[2026-07-06 22:00:51] [record 7/30] question_id=multi-session/51c32626 | window 6/20 | done ok=True memories=4 elapsed=39.32s
[2026-07-06 22:00:51] [record 7/30] question_id=multi-session/51c32626 | window 7/20 (window_index=6) | start
[2026-07-06 22:00:51] [record 7/30] question_id=multi-session/51c32626 | window 7/20 | attempt 1/5
[2026-07-06 22:00:54] [record 7/30] question_id=multi-session/51c32626 | window 7/20 | done ok=True memories=0 elapsed=3.59s
[2026-07-06 22:00:54] [record 7/30] question_id=multi-session/51c32626 | window 8/20 (window_index=7) | start
[2026-07-06 22:00:54] [record 7/30] question_id=multi-session/51c32626 | window 8/20 | attempt 1/5
[2026-07-06 22:01:26] [record 7/30] question_id=multi-session/51c32626 | window 8/20 | done ok=True memories=4 elapsed=32.00s
[2026-07-06 22:01:26] [record 7/30] question_id=multi-session/51c32626 | window 9/20 (window_index=8) | start
[2026-07-06 22:01:26] [record 7/30] question_id=multi-session/51c32626 | window 9/20 | attempt 1/5
[2026-07-06 22:01:39] [record 7/30] question_id=multi-session/51c32626 | window 9/20 | done ok=True memories=3 elapsed=12.46s
[2026-07-06 22:01:39] [record 7/30] question_id=multi-session/51c32626 | window 10/20 (window_index=9) | start
[2026-07-06 22:01:39] [record 7/30] question_id=multi-session/51c32626 | window 10/20 | attempt 1/5
[2026-07-06 22:01:59] [record 7/30] question_id=multi-session/51c32626 | window 10/20 | done ok=True memories=12 elapsed=20.30s
[2026-07-06 22:01:59] [record 7/30] question_id=multi-session/51c32626 | window 11/20 (window_index=10) | start
[2026-07-06 22:01:59] [record 7/30] question_id=multi-session/51c32626 | window 11/20 | attempt 1/5
[2026-07-06 22:02:52] [record 7/30] question_id=multi-session/51c32626 | window 11/20 | done ok=True memories=14 elapsed=53.09s
[2026-07-06 22:02:52] [record 7/30] question_id=multi-session/51c32626 | window 12/20 (window_index=11) | start
[2026-07-06 22:02:52] [record 7/30] question_id=multi-session/51c32626 | window 12/20 | attempt 1/5
[2026-07-06 22:03:07] [record 7/30] question_id=multi-session/51c32626 | window 12/20 | done ok=True memories=3 elapsed=15.02s
[2026-07-06 22:03:07] [record 7/30] question_id=multi-session/51c32626 | window 13/20 (window_index=12) | start
[2026-07-06 22:03:07] [record 7/30] question_id=multi-session/51c32626 | window 13/20 | attempt 1/5
[2026-07-06 22:03:18] [record 7/30] question_id=multi-session/51c32626 | window 13/20 | done ok=True memories=2 elapsed=10.57s
[2026-07-06 22:03:18] [record 7/30] question_id=multi-session/51c32626 | window 14/20 (window_index=13) | start
[2026-07-06 22:03:18] [record 7/30] question_id=multi-session/51c32626 | window 14/20 | attempt 1/5
[2026-07-06 22:03:50] [record 7/30] question_id=multi-session/51c32626 | window 14/20 | done ok=True memories=13 elapsed=32.66s
[2026-07-06 22:03:50] [record 7/30] question_id=multi-session/51c32626 | window 15/20 (window_index=14) | start
[2026-07-06 22:03:50] [record 7/30] question_id=multi-session/51c32626 | window 15/20 | attempt 1/5
[2026-07-06 22:04:30] [record 7/30] question_id=multi-session/51c32626 | window 15/20 | done ok=True memories=17 elapsed=39.84s
[2026-07-06 22:04:30] [record 7/30] question_id=multi-session/51c32626 | window 16/20 (window_index=15) | start
[2026-07-06 22:04:30] [record 7/30] question_id=multi-session/51c32626 | window 16/20 | attempt 1/5
[2026-07-06 22:05:01] [record 7/30] question_id=multi-session/51c32626 | window 16/20 | done ok=True memories=7 elapsed=31.16s
[2026-07-06 22:05:01] [record 7/30] question_id=multi-session/51c32626 | window 17/20 (window_index=16) | start
[2026-07-06 22:05:01] [record 7/30] question_id=multi-session/51c32626 | window 17/20 | attempt 1/5
[2026-07-06 22:05:13] [record 7/30] question_id=multi-session/51c32626 | window 17/20 | done ok=True memories=1 elapsed=11.25s
[2026-07-06 22:05:13] [record 7/30] question_id=multi-session/51c32626 | window 18/20 (window_index=17) | start
[2026-07-06 22:05:13] [record 7/30] question_id=multi-session/51c32626 | window 18/20 | attempt 1/5
[2026-07-06 22:05:52] [record 7/30] question_id=multi-session/51c32626 | window 18/20 | done ok=True memories=6 elapsed=38.81s
[2026-07-06 22:05:52] [record 7/30] question_id=multi-session/51c32626 | window 19/20 (window_index=18) | start
[2026-07-06 22:05:52] [record 7/30] question_id=multi-session/51c32626 | window 19/20 | attempt 1/5
[2026-07-06 22:06:32] [record 7/30] question_id=multi-session/51c32626 | window 19/20 | done ok=True memories=12 elapsed=40.27s
[2026-07-06 22:06:32] [record 7/30] question_id=multi-session/51c32626 | window 20/20 (window_index=19) | start
[2026-07-06 22:06:32] [record 7/30] question_id=multi-session/51c32626 | window 20/20 | attempt 1/5
[2026-07-06 22:07:07] [record 7/30] question_id=multi-session/51c32626 | window 20/20 | done ok=True memories=9 elapsed=35.12s
[2026-07-06 22:07:07] [record 7/30] question_id=multi-session/51c32626 | finished | ok_windows=20/20 | total_memories=147
[2026-07-06 22:07:07] [record 7/30] question_id=multi-session/51c32626 | record done | done=7/30 failed=0 skipped=0
[2026-07-06 22:07:07] [record 8/30] question_id=multi-session/73d42213 | start | done=7 failed=0 skipped=0
[2026-07-06 22:07:07] [record 8/30] question_id=multi-session/73d42213 | windows=22 | start extraction
[2026-07-06 22:07:07] [record 8/30] question_id=multi-session/73d42213 | window 1/22 (window_index=0) | start
[2026-07-06 22:07:07] [record 8/30] question_id=multi-session/73d42213 | window 1/22 | attempt 1/5
[2026-07-06 22:07:42] [record 8/30] question_id=multi-session/73d42213 | window 1/22 | done ok=True memories=7 elapsed=34.64s
[2026-07-06 22:07:42] [record 8/30] question_id=multi-session/73d42213 | window 2/22 (window_index=1) | start
[2026-07-06 22:07:42] [record 8/30] question_id=multi-session/73d42213 | window 2/22 | attempt 1/5
[2026-07-06 22:08:05] [record 8/30] question_id=multi-session/73d42213 | window 2/22 | done ok=True memories=8 elapsed=22.96s
[2026-07-06 22:08:05] [record 8/30] question_id=multi-session/73d42213 | window 3/22 (window_index=2) | start
[2026-07-06 22:08:05] [record 8/30] question_id=multi-session/73d42213 | window 3/22 | attempt 1/5
[2026-07-06 22:08:39] [record 8/30] question_id=multi-session/73d42213 | window 3/22 | done ok=True memories=10 elapsed=34.27s
[2026-07-06 22:08:39] [record 8/30] question_id=multi-session/73d42213 | window 4/22 (window_index=3) | start
[2026-07-06 22:08:39] [record 8/30] question_id=multi-session/73d42213 | window 4/22 | attempt 1/5
[2026-07-06 22:09:17] [record 8/30] question_id=multi-session/73d42213 | window 4/22 | done ok=True memories=8 elapsed=38.24s
[2026-07-06 22:09:17] [record 8/30] question_id=multi-session/73d42213 | window 5/22 (window_index=4) | start
[2026-07-06 22:09:17] [record 8/30] question_id=multi-session/73d42213 | window 5/22 | attempt 1/5
[2026-07-06 22:09:50] [record 8/30] question_id=multi-session/73d42213 | window 5/22 | done ok=True memories=14 elapsed=33.07s
[2026-07-06 22:09:50] [record 8/30] question_id=multi-session/73d42213 | window 6/22 (window_index=5) | start
[2026-07-06 22:09:50] [record 8/30] question_id=multi-session/73d42213 | window 6/22 | attempt 1/5
[2026-07-06 22:10:18] [record 8/30] question_id=multi-session/73d42213 | window 6/22 | done ok=True memories=8 elapsed=27.65s
[2026-07-06 22:10:18] [record 8/30] question_id=multi-session/73d42213 | window 7/22 (window_index=6) | start
[2026-07-06 22:10:18] [record 8/30] question_id=multi-session/73d42213 | window 7/22 | attempt 1/5
[2026-07-06 22:10:40] [record 8/30] question_id=multi-session/73d42213 | window 7/22 | done ok=True memories=5 elapsed=22.49s
[2026-07-06 22:10:40] [record 8/30] question_id=multi-session/73d42213 | window 8/22 (window_index=7) | start
[2026-07-06 22:10:40] [record 8/30] question_id=multi-session/73d42213 | window 8/22 | attempt 1/5
[2026-07-06 22:11:01] [record 8/30] question_id=multi-session/73d42213 | window 8/22 | done ok=True memories=7 elapsed=20.51s
[2026-07-06 22:11:01] [record 8/30] question_id=multi-session/73d42213 | window 9/22 (window_index=8) | start
[2026-07-06 22:11:01] [record 8/30] question_id=multi-session/73d42213 | window 9/22 | attempt 1/5
[2026-07-06 22:11:21] [record 8/30] question_id=multi-session/73d42213 | window 9/22 | done ok=True memories=8 elapsed=20.08s
[2026-07-06 22:11:21] [record 8/30] question_id=multi-session/73d42213 | window 10/22 (window_index=9) | start
[2026-07-06 22:11:21] [record 8/30] question_id=multi-session/73d42213 | window 10/22 | attempt 1/5
[2026-07-06 22:11:37] [record 8/30] question_id=multi-session/73d42213 | window 10/22 | done ok=True memories=3 elapsed=15.88s
[2026-07-06 22:11:37] [record 8/30] question_id=multi-session/73d42213 | window 11/22 (window_index=10) | start
[2026-07-06 22:11:37] [record 8/30] question_id=multi-session/73d42213 | window 11/22 | attempt 1/5
[2026-07-06 22:12:04] [record 8/30] question_id=multi-session/73d42213 | window 11/22 | done ok=True memories=4 elapsed=27.45s
[2026-07-06 22:12:04] [record 8/30] question_id=multi-session/73d42213 | window 12/22 (window_index=11) | start
[2026-07-06 22:12:04] [record 8/30] question_id=multi-session/73d42213 | window 12/22 | attempt 1/5
[2026-07-06 22:12:34] [record 8/30] question_id=multi-session/73d42213 | window 12/22 | done ok=True memories=12 elapsed=29.87s
[2026-07-06 22:12:34] [record 8/30] question_id=multi-session/73d42213 | window 13/22 (window_index=12) | start
[2026-07-06 22:12:34] [record 8/30] question_id=multi-session/73d42213 | window 13/22 | attempt 1/5
[2026-07-06 22:13:03] [record 8/30] question_id=multi-session/73d42213 | window 13/22 | done ok=True memories=5 elapsed=28.67s
[2026-07-06 22:13:03] [record 8/30] question_id=multi-session/73d42213 | window 14/22 (window_index=13) | start
[2026-07-06 22:13:03] [record 8/30] question_id=multi-session/73d42213 | window 14/22 | attempt 1/5
[2026-07-06 22:13:34] [record 8/30] question_id=multi-session/73d42213 | window 14/22 | done ok=True memories=6 elapsed=31.45s
[2026-07-06 22:13:34] [record 8/30] question_id=multi-session/73d42213 | window 15/22 (window_index=14) | start
[2026-07-06 22:13:34] [record 8/30] question_id=multi-session/73d42213 | window 15/22 | attempt 1/5
[2026-07-06 22:14:09] [record 8/30] question_id=multi-session/73d42213 | window 15/22 | done ok=True memories=7 elapsed=34.65s
[2026-07-06 22:14:09] [record 8/30] question_id=multi-session/73d42213 | window 16/22 (window_index=15) | start
[2026-07-06 22:14:09] [record 8/30] question_id=multi-session/73d42213 | window 16/22 | attempt 1/5
[2026-07-06 22:14:38] [record 8/30] question_id=multi-session/73d42213 | window 16/22 | done ok=True memories=11 elapsed=29.02s
[2026-07-06 22:14:38] [record 8/30] question_id=multi-session/73d42213 | window 17/22 (window_index=16) | start
[2026-07-06 22:14:38] [record 8/30] question_id=multi-session/73d42213 | window 17/22 | attempt 1/5
[2026-07-06 22:15:01] [record 8/30] question_id=multi-session/73d42213 | window 17/22 | done ok=True memories=3 elapsed=22.75s
[2026-07-06 22:15:01] [record 8/30] question_id=multi-session/73d42213 | window 18/22 (window_index=17) | start
[2026-07-06 22:15:01] [record 8/30] question_id=multi-session/73d42213 | window 18/22 | attempt 1/5
[2026-07-06 22:15:26] [record 8/30] question_id=multi-session/73d42213 | window 18/22 | done ok=True memories=5 elapsed=25.11s
[2026-07-06 22:15:26] [record 8/30] question_id=multi-session/73d42213 | window 19/22 (window_index=18) | start
[2026-07-06 22:15:26] [record 8/30] question_id=multi-session/73d42213 | window 19/22 | attempt 1/5
[2026-07-06 22:15:46] [record 8/30] question_id=multi-session/73d42213 | window 19/22 | done ok=True memories=11 elapsed=19.94s
[2026-07-06 22:15:46] [record 8/30] question_id=multi-session/73d42213 | window 20/22 (window_index=19) | start
[2026-07-06 22:15:46] [record 8/30] question_id=multi-session/73d42213 | window 20/22 | attempt 1/5
[2026-07-06 22:16:02] [record 8/30] question_id=multi-session/73d42213 | window 20/22 | done ok=True memories=10 elapsed=16.76s
[2026-07-06 22:16:02] [record 8/30] question_id=multi-session/73d42213 | window 21/22 (window_index=20) | start
[2026-07-06 22:16:02] [record 8/30] question_id=multi-session/73d42213 | window 21/22 | attempt 1/5
[2026-07-06 22:16:20] [record 8/30] question_id=multi-session/73d42213 | window 21/22 | done ok=True memories=3 elapsed=18.07s
[2026-07-06 22:16:20] [record 8/30] question_id=multi-session/73d42213 | window 22/22 (window_index=21) | start
[2026-07-06 22:16:20] [record 8/30] question_id=multi-session/73d42213 | window 22/22 | attempt 1/5
[2026-07-06 22:16:24] [record 8/30] question_id=multi-session/73d42213 | window 22/22 | done ok=True memories=0 elapsed=3.62s
[2026-07-06 22:16:24] [record 8/30] question_id=multi-session/73d42213 | finished | ok_windows=22/22 | total_memories=155
[2026-07-06 22:16:24] [record 8/30] question_id=multi-session/73d42213 | record done | done=8/30 failed=0 skipped=0
[2026-07-06 22:16:24] [record 9/30] question_id=multi-session/bc149d6b | start | done=8 failed=0 skipped=0
[2026-07-06 22:16:24] [record 9/30] question_id=multi-session/bc149d6b | windows=19 | start extraction
[2026-07-06 22:16:24] [record 9/30] question_id=multi-session/bc149d6b | window 1/19 (window_index=0) | start
[2026-07-06 22:16:24] [record 9/30] question_id=multi-session/bc149d6b | window 1/19 | attempt 1/5
[2026-07-06 22:16:42] [record 9/30] question_id=multi-session/bc149d6b | window 1/19 | done ok=True memories=14 elapsed=18.17s
[2026-07-06 22:16:42] [record 9/30] question_id=multi-session/bc149d6b | window 2/19 (window_index=1) | start
[2026-07-06 22:16:42] [record 9/30] question_id=multi-session/bc149d6b | window 2/19 | attempt 1/5
[2026-07-06 22:17:16] [record 9/30] question_id=multi-session/bc149d6b | window 2/19 | done ok=True memories=5 elapsed=33.78s
[2026-07-06 22:17:16] [record 9/30] question_id=multi-session/bc149d6b | window 3/19 (window_index=2) | start
[2026-07-06 22:17:16] [record 9/30] question_id=multi-session/bc149d6b | window 3/19 | attempt 1/5
[2026-07-06 22:17:39] [record 9/30] question_id=multi-session/bc149d6b | window 3/19 | done ok=True memories=16 elapsed=22.98s
[2026-07-06 22:17:39] [record 9/30] question_id=multi-session/bc149d6b | window 4/19 (window_index=3) | start
[2026-07-06 22:17:39] [record 9/30] question_id=multi-session/bc149d6b | window 4/19 | attempt 1/5
[2026-07-06 22:18:05] [record 9/30] question_id=multi-session/bc149d6b | window 4/19 | done ok=True memories=6 elapsed=25.92s
[2026-07-06 22:18:05] [record 9/30] question_id=multi-session/bc149d6b | window 5/19 (window_index=4) | start
[2026-07-06 22:18:05] [record 9/30] question_id=multi-session/bc149d6b | window 5/19 | attempt 1/5
[2026-07-06 22:18:44] [record 9/30] question_id=multi-session/bc149d6b | window 5/19 | done ok=True memories=10 elapsed=38.76s
[2026-07-06 22:18:44] [record 9/30] question_id=multi-session/bc149d6b | window 6/19 (window_index=5) | start
[2026-07-06 22:18:44] [record 9/30] question_id=multi-session/bc149d6b | window 6/19 | attempt 1/5
[2026-07-06 22:19:08] [record 9/30] question_id=multi-session/bc149d6b | window 6/19 | done ok=True memories=4 elapsed=24.18s
[2026-07-06 22:19:08] [record 9/30] question_id=multi-session/bc149d6b | window 7/19 (window_index=6) | start
[2026-07-06 22:19:08] [record 9/30] question_id=multi-session/bc149d6b | window 7/19 | attempt 1/5
[2026-07-06 22:19:28] [record 9/30] question_id=multi-session/bc149d6b | window 7/19 | done ok=True memories=11 elapsed=20.27s
[2026-07-06 22:19:28] [record 9/30] question_id=multi-session/bc149d6b | window 8/19 (window_index=7) | start
[2026-07-06 22:19:28] [record 9/30] question_id=multi-session/bc149d6b | window 8/19 | attempt 1/5
[2026-07-06 22:19:57] [record 9/30] question_id=multi-session/bc149d6b | window 8/19 | done ok=True memories=5 elapsed=29.23s
[2026-07-06 22:19:57] [record 9/30] question_id=multi-session/bc149d6b | window 9/19 (window_index=8) | start
[2026-07-06 22:19:57] [record 9/30] question_id=multi-session/bc149d6b | window 9/19 | attempt 1/5
[2026-07-06 22:20:31] [record 9/30] question_id=multi-session/bc149d6b | window 9/19 | done ok=True memories=14 elapsed=33.93s
[2026-07-06 22:20:31] [record 9/30] question_id=multi-session/bc149d6b | window 10/19 (window_index=9) | start
[2026-07-06 22:20:31] [record 9/30] question_id=multi-session/bc149d6b | window 10/19 | attempt 1/5
[2026-07-06 22:20:51] [record 9/30] question_id=multi-session/bc149d6b | window 10/19 | done ok=True memories=4 elapsed=20.03s
[2026-07-06 22:20:51] [record 9/30] question_id=multi-session/bc149d6b | window 11/19 (window_index=10) | start
[2026-07-06 22:20:51] [record 9/30] question_id=multi-session/bc149d6b | window 11/19 | attempt 1/5
[2026-07-06 22:21:23] [record 9/30] question_id=multi-session/bc149d6b | window 11/19 | done ok=True memories=8 elapsed=31.66s
[2026-07-06 22:21:23] [record 9/30] question_id=multi-session/bc149d6b | window 12/19 (window_index=11) | start
[2026-07-06 22:21:23] [record 9/30] question_id=multi-session/bc149d6b | window 12/19 | attempt 1/5
[2026-07-06 22:21:57] [record 9/30] question_id=multi-session/bc149d6b | window 12/19 | done ok=True memories=13 elapsed=33.93s
[2026-07-06 22:21:57] [record 9/30] question_id=multi-session/bc149d6b | window 13/19 (window_index=12) | start
[2026-07-06 22:21:57] [record 9/30] question_id=multi-session/bc149d6b | window 13/19 | attempt 1/5
[2026-07-06 22:22:22] [record 9/30] question_id=multi-session/bc149d6b | window 13/19 | done ok=True memories=11 elapsed=24.53s
[2026-07-06 22:22:22] [record 9/30] question_id=multi-session/bc149d6b | window 14/19 (window_index=13) | start
[2026-07-06 22:22:22] [record 9/30] question_id=multi-session/bc149d6b | window 14/19 | attempt 1/5
[2026-07-06 22:22:54] [record 9/30] question_id=multi-session/bc149d6b | window 14/19 | done ok=True memories=8 elapsed=32.64s
[2026-07-06 22:22:54] [record 9/30] question_id=multi-session/bc149d6b | window 15/19 (window_index=14) | start
[2026-07-06 22:22:54] [record 9/30] question_id=multi-session/bc149d6b | window 15/19 | attempt 1/5
[2026-07-06 22:23:53] [record 9/30] question_id=multi-session/bc149d6b | window 15/19 | done ok=True memories=15 elapsed=59.16s
[2026-07-06 22:23:53] [record 9/30] question_id=multi-session/bc149d6b | window 16/19 (window_index=15) | start
[2026-07-06 22:23:53] [record 9/30] question_id=multi-session/bc149d6b | window 16/19 | attempt 1/5
[2026-07-06 22:24:32] [record 9/30] question_id=multi-session/bc149d6b | window 16/19 | done ok=True memories=4 elapsed=38.47s
[2026-07-06 22:24:32] [record 9/30] question_id=multi-session/bc149d6b | window 17/19 (window_index=16) | start
[2026-07-06 22:24:32] [record 9/30] question_id=multi-session/bc149d6b | window 17/19 | attempt 1/5
[2026-07-06 22:24:47] [record 9/30] question_id=multi-session/bc149d6b | window 17/19 | done ok=True memories=9 elapsed=15.67s
[2026-07-06 22:24:47] [record 9/30] question_id=multi-session/bc149d6b | window 18/19 (window_index=17) | start
[2026-07-06 22:24:47] [record 9/30] question_id=multi-session/bc149d6b | window 18/19 | attempt 1/5
[2026-07-06 22:25:03] [record 9/30] question_id=multi-session/bc149d6b | window 18/19 | done ok=True memories=5 elapsed=16.02s
[2026-07-06 22:25:03] [record 9/30] question_id=multi-session/bc149d6b | window 19/19 (window_index=18) | start
[2026-07-06 22:25:03] [record 9/30] question_id=multi-session/bc149d6b | window 19/19 | attempt 1/5
[2026-07-06 22:25:35] [record 9/30] question_id=multi-session/bc149d6b | window 19/19 | done ok=True memories=5 elapsed=31.79s
[2026-07-06 22:25:35] [record 9/30] question_id=multi-session/bc149d6b | finished | ok_windows=19/19 | total_memories=167
[2026-07-06 22:25:35] [record 9/30] question_id=multi-session/bc149d6b | record done | done=9/30 failed=0 skipped=0
[2026-07-06 22:25:35] [record 10/30] question_id=multi-session/a9f6b44c | start | done=9 failed=0 skipped=0
[2026-07-06 22:25:35] [record 10/30] question_id=multi-session/a9f6b44c | windows=20 | start extraction
[2026-07-06 22:25:35] [record 10/30] question_id=multi-session/a9f6b44c | window 1/20 (window_index=0) | start
[2026-07-06 22:25:35] [record 10/30] question_id=multi-session/a9f6b44c | window 1/20 | attempt 1/5
[2026-07-06 22:25:53] [record 10/30] question_id=multi-session/a9f6b44c | window 1/20 | done ok=True memories=8 elapsed=17.62s
[2026-07-06 22:25:53] [record 10/30] question_id=multi-session/a9f6b44c | window 2/20 (window_index=1) | start
[2026-07-06 22:25:53] [record 10/30] question_id=multi-session/a9f6b44c | window 2/20 | attempt 1/5
[2026-07-06 22:26:23] [record 10/30] question_id=multi-session/a9f6b44c | window 2/20 | done ok=True memories=10 elapsed=30.28s
[2026-07-06 22:26:23] [record 10/30] question_id=multi-session/a9f6b44c | window 3/20 (window_index=2) | start
[2026-07-06 22:26:23] [record 10/30] question_id=multi-session/a9f6b44c | window 3/20 | attempt 1/5
[2026-07-06 22:26:50] [record 10/30] question_id=multi-session/a9f6b44c | window 3/20 | done ok=True memories=13 elapsed=26.34s
[2026-07-06 22:26:50] [record 10/30] question_id=multi-session/a9f6b44c | window 4/20 (window_index=3) | start
[2026-07-06 22:26:50] [record 10/30] question_id=multi-session/a9f6b44c | window 4/20 | attempt 1/5
[2026-07-06 22:27:39] [record 10/30] question_id=multi-session/a9f6b44c | window 4/20 | done ok=True memories=13 elapsed=49.26s
[2026-07-06 22:27:39] [record 10/30] question_id=multi-session/a9f6b44c | window 5/20 (window_index=4) | start
[2026-07-06 22:27:39] [record 10/30] question_id=multi-session/a9f6b44c | window 5/20 | attempt 1/5
[2026-07-06 22:27:54] [record 10/30] question_id=multi-session/a9f6b44c | window 5/20 | done ok=True memories=9 elapsed=14.92s
[2026-07-06 22:27:54] [record 10/30] question_id=multi-session/a9f6b44c | window 6/20 (window_index=5) | start
[2026-07-06 22:27:54] [record 10/30] question_id=multi-session/a9f6b44c | window 6/20 | attempt 1/5
[2026-07-06 22:28:26] [record 10/30] question_id=multi-session/a9f6b44c | window 6/20 | done ok=True memories=11 elapsed=32.23s
[2026-07-06 22:28:26] [record 10/30] question_id=multi-session/a9f6b44c | window 7/20 (window_index=6) | start
[2026-07-06 22:28:26] [record 10/30] question_id=multi-session/a9f6b44c | window 7/20 | attempt 1/5
[2026-07-06 22:29:00] [record 10/30] question_id=multi-session/a9f6b44c | window 7/20 | done ok=True memories=13 elapsed=33.73s
[2026-07-06 22:29:00] [record 10/30] question_id=multi-session/a9f6b44c | window 8/20 (window_index=7) | start
[2026-07-06 22:29:00] [record 10/30] question_id=multi-session/a9f6b44c | window 8/20 | attempt 1/5
[2026-07-06 22:29:59] [record 10/30] question_id=multi-session/a9f6b44c | window 8/20 | done ok=True memories=11 elapsed=59.64s
[2026-07-06 22:29:59] [record 10/30] question_id=multi-session/a9f6b44c | window 9/20 (window_index=8) | start
[2026-07-06 22:29:59] [record 10/30] question_id=multi-session/a9f6b44c | window 9/20 | attempt 1/5
[2026-07-06 22:30:22] [record 10/30] question_id=multi-session/a9f6b44c | window 9/20 | done ok=True memories=16 elapsed=22.16s
[2026-07-06 22:30:22] [record 10/30] question_id=multi-session/a9f6b44c | window 10/20 (window_index=9) | start
[2026-07-06 22:30:22] [record 10/30] question_id=multi-session/a9f6b44c | window 10/20 | attempt 1/5
[2026-07-06 22:30:57] [record 10/30] question_id=multi-session/a9f6b44c | window 10/20 | done ok=True memories=10 elapsed=35.44s
[2026-07-06 22:30:57] [record 10/30] question_id=multi-session/a9f6b44c | window 11/20 (window_index=10) | start
[2026-07-06 22:30:57] [record 10/30] question_id=multi-session/a9f6b44c | window 11/20 | attempt 1/5
[2026-07-06 22:31:19] [record 10/30] question_id=multi-session/a9f6b44c | window 11/20 | done ok=True memories=8 elapsed=21.68s
[2026-07-06 22:31:19] [record 10/30] question_id=multi-session/a9f6b44c | window 12/20 (window_index=11) | start
[2026-07-06 22:31:19] [record 10/30] question_id=multi-session/a9f6b44c | window 12/20 | attempt 1/5
[2026-07-06 22:31:58] [record 10/30] question_id=multi-session/a9f6b44c | window 12/20 | done ok=True memories=14 elapsed=39.64s
[2026-07-06 22:31:58] [record 10/30] question_id=multi-session/a9f6b44c | window 13/20 (window_index=12) | start
[2026-07-06 22:31:58] [record 10/30] question_id=multi-session/a9f6b44c | window 13/20 | attempt 1/5
[2026-07-06 22:32:23] [record 10/30] question_id=multi-session/a9f6b44c | window 13/20 | done ok=True memories=5 elapsed=24.53s
[2026-07-06 22:32:23] [record 10/30] question_id=multi-session/a9f6b44c | window 14/20 (window_index=13) | start
[2026-07-06 22:32:23] [record 10/30] question_id=multi-session/a9f6b44c | window 14/20 | attempt 1/5
[2026-07-06 22:32:46] [record 10/30] question_id=multi-session/a9f6b44c | window 14/20 | done ok=True memories=7 elapsed=22.96s
[2026-07-06 22:32:46] [record 10/30] question_id=multi-session/a9f6b44c | window 15/20 (window_index=14) | start
[2026-07-06 22:32:46] [record 10/30] question_id=multi-session/a9f6b44c | window 15/20 | attempt 1/5
[2026-07-06 22:33:12] [record 10/30] question_id=multi-session/a9f6b44c | window 15/20 | done ok=True memories=5 elapsed=26.47s
[2026-07-06 22:33:12] [record 10/30] question_id=multi-session/a9f6b44c | window 16/20 (window_index=15) | start
[2026-07-06 22:33:12] [record 10/30] question_id=multi-session/a9f6b44c | window 16/20 | attempt 1/5
[2026-07-06 22:34:03] [record 10/30] question_id=multi-session/a9f6b44c | window 16/20 | done ok=True memories=7 elapsed=50.63s
[2026-07-06 22:34:03] [record 10/30] question_id=multi-session/a9f6b44c | window 17/20 (window_index=16) | start
[2026-07-06 22:34:03] [record 10/30] question_id=multi-session/a9f6b44c | window 17/20 | attempt 1/5
[2026-07-06 22:34:39] [record 10/30] question_id=multi-session/a9f6b44c | window 17/20 | done ok=True memories=15 elapsed=36.57s
[2026-07-06 22:34:39] [record 10/30] question_id=multi-session/a9f6b44c | window 18/20 (window_index=17) | start
[2026-07-06 22:34:39] [record 10/30] question_id=multi-session/a9f6b44c | window 18/20 | attempt 1/5
[2026-07-06 22:35:09] [record 10/30] question_id=multi-session/a9f6b44c | window 18/20 | done ok=True memories=9 elapsed=29.29s
[2026-07-06 22:35:09] [record 10/30] question_id=multi-session/a9f6b44c | window 19/20 (window_index=18) | start
[2026-07-06 22:35:09] [record 10/30] question_id=multi-session/a9f6b44c | window 19/20 | attempt 1/5
[2026-07-06 22:35:32] [record 10/30] question_id=multi-session/a9f6b44c | window 19/20 | done ok=True memories=14 elapsed=23.29s
[2026-07-06 22:35:32] [record 10/30] question_id=multi-session/a9f6b44c | window 20/20 (window_index=19) | start
[2026-07-06 22:35:32] [record 10/30] question_id=multi-session/a9f6b44c | window 20/20 | attempt 1/5
[2026-07-06 22:35:53] [record 10/30] question_id=multi-session/a9f6b44c | window 20/20 | done ok=True memories=6 elapsed=20.96s
[2026-07-06 22:35:53] [record 10/30] question_id=multi-session/a9f6b44c | finished | ok_windows=20/20 | total_memories=204
[2026-07-06 22:35:53] [record 10/30] question_id=multi-session/a9f6b44c | record done | done=10/30 failed=0 skipped=0
[2026-07-06 22:35:53] [record 11/30] question_id=multi-session/3fdac837 | start | done=10 failed=0 skipped=0
[2026-07-06 22:35:53] [record 11/30] question_id=multi-session/3fdac837 | windows=19 | start extraction
[2026-07-06 22:35:53] [record 11/30] question_id=multi-session/3fdac837 | window 1/19 (window_index=0) | start
[2026-07-06 22:35:53] [record 11/30] question_id=multi-session/3fdac837 | window 1/19 | attempt 1/5
[2026-07-06 22:36:43] [record 11/30] question_id=multi-session/3fdac837 | window 1/19 | done ok=True memories=13 elapsed=50.37s
[2026-07-06 22:36:43] [record 11/30] question_id=multi-session/3fdac837 | window 2/19 (window_index=1) | start
[2026-07-06 22:36:43] [record 11/30] question_id=multi-session/3fdac837 | window 2/19 | attempt 1/5
[2026-07-06 22:37:22] [record 11/30] question_id=multi-session/3fdac837 | window 2/19 | done ok=True memories=15 elapsed=38.37s
[2026-07-06 22:37:22] [record 11/30] question_id=multi-session/3fdac837 | window 3/19 (window_index=2) | start
[2026-07-06 22:37:22] [record 11/30] question_id=multi-session/3fdac837 | window 3/19 | attempt 1/5
[2026-07-06 22:38:25] [record 11/30] question_id=multi-session/3fdac837 | window 3/19 | done ok=True memories=16 elapsed=63.67s
[2026-07-06 22:38:25] [record 11/30] question_id=multi-session/3fdac837 | window 4/19 (window_index=3) | start
[2026-07-06 22:38:25] [record 11/30] question_id=multi-session/3fdac837 | window 4/19 | attempt 1/5
[2026-07-06 22:39:05] [record 11/30] question_id=multi-session/3fdac837 | window 4/19 | done ok=True memories=9 elapsed=40.05s
[2026-07-06 22:39:05] [record 11/30] question_id=multi-session/3fdac837 | window 5/19 (window_index=4) | start
[2026-07-06 22:39:05] [record 11/30] question_id=multi-session/3fdac837 | window 5/19 | attempt 1/5
[2026-07-06 22:39:47] [record 11/30] question_id=multi-session/3fdac837 | window 5/19 | done ok=True memories=13 elapsed=41.87s
[2026-07-06 22:39:47] [record 11/30] question_id=multi-session/3fdac837 | window 6/19 (window_index=5) | start
[2026-07-06 22:39:47] [record 11/30] question_id=multi-session/3fdac837 | window 6/19 | attempt 1/5
[2026-07-06 22:40:29] [record 11/30] question_id=multi-session/3fdac837 | window 6/19 | done ok=True memories=13 elapsed=41.69s
[2026-07-06 22:40:29] [record 11/30] question_id=multi-session/3fdac837 | window 7/19 (window_index=6) | start
[2026-07-06 22:40:29] [record 11/30] question_id=multi-session/3fdac837 | window 7/19 | attempt 1/5
[2026-07-06 22:41:25] [record 11/30] question_id=multi-session/3fdac837 | window 7/19 | done ok=True memories=12 elapsed=55.76s
[2026-07-06 22:41:25] [record 11/30] question_id=multi-session/3fdac837 | window 8/19 (window_index=7) | start
[2026-07-06 22:41:25] [record 11/30] question_id=multi-session/3fdac837 | window 8/19 | attempt 1/5
[2026-07-06 22:42:31] [record 11/30] question_id=multi-session/3fdac837 | window 8/19 | done ok=True memories=14 elapsed=66.51s
[2026-07-06 22:42:31] [record 11/30] question_id=multi-session/3fdac837 | window 9/19 (window_index=8) | start
[2026-07-06 22:42:31] [record 11/30] question_id=multi-session/3fdac837 | window 9/19 | attempt 1/5
[2026-07-06 22:42:50] [record 11/30] question_id=multi-session/3fdac837 | window 9/19 | done ok=True memories=9 elapsed=18.21s
[2026-07-06 22:42:50] [record 11/30] question_id=multi-session/3fdac837 | window 10/19 (window_index=9) | start
[2026-07-06 22:42:50] [record 11/30] question_id=multi-session/3fdac837 | window 10/19 | attempt 1/5
[2026-07-06 22:43:19] [record 11/30] question_id=multi-session/3fdac837 | window 10/19 | done ok=True memories=13 elapsed=29.65s
[2026-07-06 22:43:19] [record 11/30] question_id=multi-session/3fdac837 | window 11/19 (window_index=10) | start
[2026-07-06 22:43:19] [record 11/30] question_id=multi-session/3fdac837 | window 11/19 | attempt 1/5
[2026-07-06 22:44:01] [record 11/30] question_id=multi-session/3fdac837 | window 11/19 | done ok=True memories=12 elapsed=41.39s
[2026-07-06 22:44:01] [record 11/30] question_id=multi-session/3fdac837 | window 12/19 (window_index=11) | start
[2026-07-06 22:44:01] [record 11/30] question_id=multi-session/3fdac837 | window 12/19 | attempt 1/5
[2026-07-06 22:44:48] [record 11/30] question_id=multi-session/3fdac837 | window 12/19 | done ok=True memories=1 elapsed=47.59s
[2026-07-06 22:44:48] [record 11/30] question_id=multi-session/3fdac837 | window 13/19 (window_index=12) | start
[2026-07-06 22:44:48] [record 11/30] question_id=multi-session/3fdac837 | window 13/19 | attempt 1/5
[2026-07-06 22:45:27] [record 11/30] question_id=multi-session/3fdac837 | window 13/19 | done ok=True memories=4 elapsed=39.08s
[2026-07-06 22:45:27] [record 11/30] question_id=multi-session/3fdac837 | window 14/19 (window_index=13) | start
[2026-07-06 22:45:27] [record 11/30] question_id=multi-session/3fdac837 | window 14/19 | attempt 1/5
[2026-07-06 22:46:09] [record 11/30] question_id=multi-session/3fdac837 | window 14/19 | done ok=True memories=17 elapsed=41.53s
[2026-07-06 22:46:09] [record 11/30] question_id=multi-session/3fdac837 | window 15/19 (window_index=14) | start
[2026-07-06 22:46:09] [record 11/30] question_id=multi-session/3fdac837 | window 15/19 | attempt 1/5
[2026-07-06 22:47:03] [record 11/30] question_id=multi-session/3fdac837 | window 15/19 | done ok=True memories=7 elapsed=54.54s
[2026-07-06 22:47:03] [record 11/30] question_id=multi-session/3fdac837 | window 16/19 (window_index=15) | start
[2026-07-06 22:47:03] [record 11/30] question_id=multi-session/3fdac837 | window 16/19 | attempt 1/5
[2026-07-06 22:47:59] [record 11/30] question_id=multi-session/3fdac837 | window 16/19 | done ok=True memories=15 elapsed=56.12s
[2026-07-06 22:47:59] [record 11/30] question_id=multi-session/3fdac837 | window 17/19 (window_index=16) | start
[2026-07-06 22:47:59] [record 11/30] question_id=multi-session/3fdac837 | window 17/19 | attempt 1/5
[2026-07-06 22:48:23] [record 11/30] question_id=multi-session/3fdac837 | window 17/19 | done ok=True memories=4 elapsed=23.33s
[2026-07-06 22:48:23] [record 11/30] question_id=multi-session/3fdac837 | window 18/19 (window_index=17) | start
[2026-07-06 22:48:23] [record 11/30] question_id=multi-session/3fdac837 | window 18/19 | attempt 1/5
[2026-07-06 22:48:53] [record 11/30] question_id=multi-session/3fdac837 | window 18/19 | done ok=True memories=6 elapsed=30.62s
[2026-07-06 22:48:53] [record 11/30] question_id=multi-session/3fdac837 | window 19/19 (window_index=18) | start
[2026-07-06 22:48:53] [record 11/30] question_id=multi-session/3fdac837 | window 19/19 | attempt 1/5
[2026-07-06 22:49:29] [record 11/30] question_id=multi-session/3fdac837 | window 19/19 | done ok=True memories=8 elapsed=35.53s
[2026-07-06 22:49:29] [record 11/30] question_id=multi-session/3fdac837 | finished | ok_windows=19/19 | total_memories=201
[2026-07-06 22:49:29] [record 11/30] question_id=multi-session/3fdac837 | record done | done=11/30 failed=0 skipped=0
[2026-07-06 22:49:29] [record 12/30] question_id=multi-session/6d550036 | start | done=11 failed=0 skipped=0
[2026-07-06 22:49:29] [record 12/30] question_id=multi-session/6d550036 | windows=21 | start extraction
[2026-07-06 22:49:29] [record 12/30] question_id=multi-session/6d550036 | window 1/21 (window_index=0) | start
[2026-07-06 22:49:29] [record 12/30] question_id=multi-session/6d550036 | window 1/21 | attempt 1/5
[2026-07-06 22:49:57] [record 12/30] question_id=multi-session/6d550036 | window 1/21 | done ok=True memories=8 elapsed=28.21s
[2026-07-06 22:49:57] [record 12/30] question_id=multi-session/6d550036 | window 2/21 (window_index=1) | start
[2026-07-06 22:49:57] [record 12/30] question_id=multi-session/6d550036 | window 2/21 | attempt 1/5
[2026-07-06 22:50:29] [record 12/30] question_id=multi-session/6d550036 | window 2/21 | done ok=True memories=1 elapsed=31.95s
[2026-07-06 22:50:29] [record 12/30] question_id=multi-session/6d550036 | window 3/21 (window_index=2) | start
[2026-07-06 22:50:29] [record 12/30] question_id=multi-session/6d550036 | window 3/21 | attempt 1/5
[2026-07-06 22:50:44] [record 12/30] question_id=multi-session/6d550036 | window 3/21 | done ok=True memories=3 elapsed=14.94s
[2026-07-06 22:50:44] [record 12/30] question_id=multi-session/6d550036 | window 4/21 (window_index=3) | start
[2026-07-06 22:50:44] [record 12/30] question_id=multi-session/6d550036 | window 4/21 | attempt 1/5
[2026-07-06 22:51:18] [record 12/30] question_id=multi-session/6d550036 | window 4/21 | done ok=True memories=6 elapsed=34.26s
[2026-07-06 22:51:18] [record 12/30] question_id=multi-session/6d550036 | window 5/21 (window_index=4) | start
[2026-07-06 22:51:18] [record 12/30] question_id=multi-session/6d550036 | window 5/21 | attempt 1/5
[2026-07-06 22:51:51] [record 12/30] question_id=multi-session/6d550036 | window 5/21 | done ok=True memories=6 elapsed=32.38s
[2026-07-06 22:51:51] [record 12/30] question_id=multi-session/6d550036 | window 6/21 (window_index=5) | start
[2026-07-06 22:51:51] [record 12/30] question_id=multi-session/6d550036 | window 6/21 | attempt 1/5
[2026-07-06 22:52:33] [record 12/30] question_id=multi-session/6d550036 | window 6/21 | done ok=True memories=17 elapsed=42.74s
[2026-07-06 22:52:33] [record 12/30] question_id=multi-session/6d550036 | window 7/21 (window_index=6) | start
[2026-07-06 22:52:33] [record 12/30] question_id=multi-session/6d550036 | window 7/21 | attempt 1/5
[2026-07-06 22:52:49] [record 12/30] question_id=multi-session/6d550036 | window 7/21 | done ok=True memories=9 elapsed=15.95s
[2026-07-06 22:52:49] [record 12/30] question_id=multi-session/6d550036 | window 8/21 (window_index=7) | start
[2026-07-06 22:52:49] [record 12/30] question_id=multi-session/6d550036 | window 8/21 | attempt 1/5
[2026-07-06 22:53:15] [record 12/30] question_id=multi-session/6d550036 | window 8/21 | done ok=True memories=8 elapsed=25.24s
[2026-07-06 22:53:15] [record 12/30] question_id=multi-session/6d550036 | window 9/21 (window_index=8) | start
[2026-07-06 22:53:15] [record 12/30] question_id=multi-session/6d550036 | window 9/21 | attempt 1/5
[2026-07-06 22:53:26] [record 12/30] question_id=multi-session/6d550036 | window 9/21 | done ok=True memories=0 elapsed=11.58s
[2026-07-06 22:53:26] [record 12/30] question_id=multi-session/6d550036 | window 10/21 (window_index=9) | start
[2026-07-06 22:53:26] [record 12/30] question_id=multi-session/6d550036 | window 10/21 | attempt 1/5
[2026-07-06 22:54:01] [record 12/30] question_id=multi-session/6d550036 | window 10/21 | done ok=True memories=5 elapsed=34.31s
[2026-07-06 22:54:01] [record 12/30] question_id=multi-session/6d550036 | window 11/21 (window_index=10) | start
[2026-07-06 22:54:01] [record 12/30] question_id=multi-session/6d550036 | window 11/21 | attempt 1/5
[2026-07-06 22:54:21] [record 12/30] question_id=multi-session/6d550036 | window 11/21 | done ok=True memories=3 elapsed=20.10s
[2026-07-06 22:54:21] [record 12/30] question_id=multi-session/6d550036 | window 12/21 (window_index=11) | start
[2026-07-06 22:54:21] [record 12/30] question_id=multi-session/6d550036 | window 12/21 | attempt 1/5
[2026-07-06 22:54:40] [record 12/30] question_id=multi-session/6d550036 | window 12/21 | done ok=True memories=5 elapsed=19.03s
[2026-07-06 22:54:40] [record 12/30] question_id=multi-session/6d550036 | window 13/21 (window_index=12) | start
[2026-07-06 22:54:40] [record 12/30] question_id=multi-session/6d550036 | window 13/21 | attempt 1/5
[2026-07-06 22:54:59] [record 12/30] question_id=multi-session/6d550036 | window 13/21 | done ok=True memories=8 elapsed=19.14s
[2026-07-06 22:54:59] [record 12/30] question_id=multi-session/6d550036 | window 14/21 (window_index=13) | start
[2026-07-06 22:54:59] [record 12/30] question_id=multi-session/6d550036 | window 14/21 | attempt 1/5
[2026-07-06 22:55:40] [record 12/30] question_id=multi-session/6d550036 | window 14/21 | done ok=True memories=11 elapsed=41.11s
[2026-07-06 22:55:40] [record 12/30] question_id=multi-session/6d550036 | window 15/21 (window_index=14) | start
[2026-07-06 22:55:40] [record 12/30] question_id=multi-session/6d550036 | window 15/21 | attempt 1/5
[2026-07-06 22:55:50] [record 12/30] question_id=multi-session/6d550036 | window 15/21 | done ok=True memories=8 elapsed=9.89s
[2026-07-06 22:55:50] [record 12/30] question_id=multi-session/6d550036 | window 16/21 (window_index=15) | start
[2026-07-06 22:55:50] [record 12/30] question_id=multi-session/6d550036 | window 16/21 | attempt 1/5
[2026-07-06 22:56:22] [record 12/30] question_id=multi-session/6d550036 | window 16/21 | done ok=True memories=10 elapsed=32.34s
[2026-07-06 22:56:22] [record 12/30] question_id=multi-session/6d550036 | window 17/21 (window_index=16) | start
[2026-07-06 22:56:22] [record 12/30] question_id=multi-session/6d550036 | window 17/21 | attempt 1/5
[2026-07-06 22:56:42] [record 12/30] question_id=multi-session/6d550036 | window 17/21 | done ok=True memories=5 elapsed=19.85s
[2026-07-06 22:56:42] [record 12/30] question_id=multi-session/6d550036 | window 18/21 (window_index=17) | start
[2026-07-06 22:56:42] [record 12/30] question_id=multi-session/6d550036 | window 18/21 | attempt 1/5
[2026-07-06 22:57:06] [record 12/30] question_id=multi-session/6d550036 | window 18/21 | done ok=True memories=9 elapsed=23.75s
[2026-07-06 22:57:06] [record 12/30] question_id=multi-session/6d550036 | window 19/21 (window_index=18) | start
[2026-07-06 22:57:06] [record 12/30] question_id=multi-session/6d550036 | window 19/21 | attempt 1/5
[2026-07-06 22:57:32] [record 12/30] question_id=multi-session/6d550036 | window 19/21 | done ok=True memories=11 elapsed=26.31s
[2026-07-06 22:57:32] [record 12/30] question_id=multi-session/6d550036 | window 20/21 (window_index=19) | start
[2026-07-06 22:57:32] [record 12/30] question_id=multi-session/6d550036 | window 20/21 | attempt 1/5
[2026-07-06 22:57:59] [record 12/30] question_id=multi-session/6d550036 | window 20/21 | done ok=True memories=5 elapsed=27.03s
[2026-07-06 22:57:59] [record 12/30] question_id=multi-session/6d550036 | window 21/21 (window_index=20) | start
[2026-07-06 22:57:59] [record 12/30] question_id=multi-session/6d550036 | window 21/21 | attempt 1/5
[2026-07-06 22:58:14] [record 12/30] question_id=multi-session/6d550036 | window 21/21 | done ok=True memories=7 elapsed=14.96s
[2026-07-06 22:58:14] [record 12/30] question_id=multi-session/6d550036 | finished | ok_windows=21/21 | total_memories=145
[2026-07-06 22:58:14] [record 12/30] question_id=multi-session/6d550036 | record done | done=12/30 failed=0 skipped=0
[2026-07-06 22:58:14] [record 13/30] question_id=multi-session/a3332713 | start | done=12 failed=0 skipped=0
[2026-07-06 22:58:14] [record 13/30] question_id=multi-session/a3332713 | windows=20 | start extraction
[2026-07-06 22:58:14] [record 13/30] question_id=multi-session/a3332713 | window 1/20 (window_index=0) | start
[2026-07-06 22:58:14] [record 13/30] question_id=multi-session/a3332713 | window 1/20 | attempt 1/5
[2026-07-06 22:58:46] [record 13/30] question_id=multi-session/a3332713 | window 1/20 | done ok=True memories=9 elapsed=32.34s
[2026-07-06 22:58:46] [record 13/30] question_id=multi-session/a3332713 | window 2/20 (window_index=1) | start
[2026-07-06 22:58:46] [record 13/30] question_id=multi-session/a3332713 | window 2/20 | attempt 1/5
[2026-07-06 22:59:13] [record 13/30] question_id=multi-session/a3332713 | window 2/20 | done ok=True memories=2 elapsed=26.54s
[2026-07-06 22:59:13] [record 13/30] question_id=multi-session/a3332713 | window 3/20 (window_index=2) | start
[2026-07-06 22:59:13] [record 13/30] question_id=multi-session/a3332713 | window 3/20 | attempt 1/5
[2026-07-06 22:59:59] [record 13/30] question_id=multi-session/a3332713 | window 3/20 | done ok=True memories=13 elapsed=45.67s
[2026-07-06 22:59:59] [record 13/30] question_id=multi-session/a3332713 | window 4/20 (window_index=3) | start
[2026-07-06 22:59:59] [record 13/30] question_id=multi-session/a3332713 | window 4/20 | attempt 1/5
[2026-07-06 23:00:40] [record 13/30] question_id=multi-session/a3332713 | window 4/20 | done ok=True memories=19 elapsed=41.67s
[2026-07-06 23:00:40] [record 13/30] question_id=multi-session/a3332713 | window 5/20 (window_index=4) | start
[2026-07-06 23:00:40] [record 13/30] question_id=multi-session/a3332713 | window 5/20 | attempt 1/5
[2026-07-06 23:01:22] [record 13/30] question_id=multi-session/a3332713 | window 5/20 | done ok=True memories=19 elapsed=41.97s
[2026-07-06 23:01:22] [record 13/30] question_id=multi-session/a3332713 | window 6/20 (window_index=5) | start
[2026-07-06 23:01:22] [record 13/30] question_id=multi-session/a3332713 | window 6/20 | attempt 1/5
[2026-07-06 23:02:32] [record 13/30] question_id=multi-session/a3332713 | window 6/20 | done ok=True memories=15 elapsed=69.24s
[2026-07-06 23:02:32] [record 13/30] question_id=multi-session/a3332713 | window 7/20 (window_index=6) | start
[2026-07-06 23:02:32] [record 13/30] question_id=multi-session/a3332713 | window 7/20 | attempt 1/5
[2026-07-06 23:03:00] [record 13/30] question_id=multi-session/a3332713 | window 7/20 | done ok=True memories=5 elapsed=28.00s
[2026-07-06 23:03:00] [record 13/30] question_id=multi-session/a3332713 | window 8/20 (window_index=7) | start
[2026-07-06 23:03:00] [record 13/30] question_id=multi-session/a3332713 | window 8/20 | attempt 1/5
[2026-07-06 23:03:43] [record 13/30] question_id=multi-session/a3332713 | window 8/20 | done ok=True memories=16 elapsed=43.37s
[2026-07-06 23:03:43] [record 13/30] question_id=multi-session/a3332713 | window 9/20 (window_index=8) | start
[2026-07-06 23:03:43] [record 13/30] question_id=multi-session/a3332713 | window 9/20 | attempt 1/5
[2026-07-06 23:04:16] [record 13/30] question_id=multi-session/a3332713 | window 9/20 | done ok=True memories=12 elapsed=33.35s
[2026-07-06 23:04:16] [record 13/30] question_id=multi-session/a3332713 | window 10/20 (window_index=9) | start
[2026-07-06 23:04:16] [record 13/30] question_id=multi-session/a3332713 | window 10/20 | attempt 1/5
[2026-07-06 23:04:51] [record 13/30] question_id=multi-session/a3332713 | window 10/20 | done ok=True memories=9 elapsed=34.69s
[2026-07-06 23:04:51] [record 13/30] question_id=multi-session/a3332713 | window 11/20 (window_index=10) | start
[2026-07-06 23:04:51] [record 13/30] question_id=multi-session/a3332713 | window 11/20 | attempt 1/5
[2026-07-06 23:05:22] [record 13/30] question_id=multi-session/a3332713 | window 11/20 | done ok=True memories=7 elapsed=30.77s
[2026-07-06 23:05:22] [record 13/30] question_id=multi-session/a3332713 | window 12/20 (window_index=11) | start
[2026-07-06 23:05:22] [record 13/30] question_id=multi-session/a3332713 | window 12/20 | attempt 1/5
[2026-07-06 23:05:48] [record 13/30] question_id=multi-session/a3332713 | window 12/20 | done ok=True memories=9 elapsed=26.76s
[2026-07-06 23:05:48] [record 13/30] question_id=multi-session/a3332713 | window 13/20 (window_index=12) | start
[2026-07-06 23:05:48] [record 13/30] question_id=multi-session/a3332713 | window 13/20 | attempt 1/5
[2026-07-06 23:06:14] [record 13/30] question_id=multi-session/a3332713 | window 13/20 | done ok=True memories=4 elapsed=25.26s
[2026-07-06 23:06:14] [record 13/30] question_id=multi-session/a3332713 | window 14/20 (window_index=13) | start
[2026-07-06 23:06:14] [record 13/30] question_id=multi-session/a3332713 | window 14/20 | attempt 1/5
[2026-07-06 23:06:49] [record 13/30] question_id=multi-session/a3332713 | window 14/20 | done ok=True memories=13 elapsed=35.12s
[2026-07-06 23:06:49] [record 13/30] question_id=multi-session/a3332713 | window 15/20 (window_index=14) | start
[2026-07-06 23:06:49] [record 13/30] question_id=multi-session/a3332713 | window 15/20 | attempt 1/5
[2026-07-06 23:06:57] [record 13/30] question_id=multi-session/a3332713 | window 15/20 | done ok=True memories=4 elapsed=7.91s
[2026-07-06 23:06:57] [record 13/30] question_id=multi-session/a3332713 | window 16/20 (window_index=15) | start
[2026-07-06 23:06:57] [record 13/30] question_id=multi-session/a3332713 | window 16/20 | attempt 1/5
[2026-07-06 23:07:40] [record 13/30] question_id=multi-session/a3332713 | window 16/20 | done ok=True memories=11 elapsed=43.72s
[2026-07-06 23:07:40] [record 13/30] question_id=multi-session/a3332713 | window 17/20 (window_index=16) | start
[2026-07-06 23:07:40] [record 13/30] question_id=multi-session/a3332713 | window 17/20 | attempt 1/5
[2026-07-06 23:08:14] [record 13/30] question_id=multi-session/a3332713 | window 17/20 | done ok=True memories=12 elapsed=33.35s
[2026-07-06 23:08:14] [record 13/30] question_id=multi-session/a3332713 | window 18/20 (window_index=17) | start
[2026-07-06 23:08:14] [record 13/30] question_id=multi-session/a3332713 | window 18/20 | attempt 1/5
[2026-07-06 23:08:46] [record 13/30] question_id=multi-session/a3332713 | window 18/20 | done ok=True memories=12 elapsed=31.99s
[2026-07-06 23:08:46] [record 13/30] question_id=multi-session/a3332713 | window 19/20 (window_index=18) | start
[2026-07-06 23:08:46] [record 13/30] question_id=multi-session/a3332713 | window 19/20 | attempt 1/5
[2026-07-06 23:09:11] [record 13/30] question_id=multi-session/a3332713 | window 19/20 | done ok=True memories=10 elapsed=25.12s
[2026-07-06 23:09:11] [record 13/30] question_id=multi-session/a3332713 | window 20/20 (window_index=19) | start
[2026-07-06 23:09:11] [record 13/30] question_id=multi-session/a3332713 | window 20/20 | attempt 1/5
[2026-07-06 23:09:24] [record 13/30] question_id=multi-session/a3332713 | window 20/20 | done ok=True memories=3 elapsed=13.49s
[2026-07-06 23:09:24] [record 13/30] question_id=multi-session/a3332713 | finished | ok_windows=20/20 | total_memories=204
[2026-07-06 23:09:24] [record 13/30] question_id=multi-session/a3332713 | record done | done=13/30 failed=0 skipped=0
[2026-07-06 23:09:24] [record 14/30] question_id=single-session-assistant/ceb54acb | start | done=13 failed=0 skipped=0
[2026-07-06 23:09:24] [record 14/30] question_id=single-session-assistant/ceb54acb | windows=21 | start extraction
[2026-07-06 23:09:24] [record 14/30] question_id=single-session-assistant/ceb54acb | window 1/21 (window_index=0) | start
[2026-07-06 23:09:24] [record 14/30] question_id=single-session-assistant/ceb54acb | window 1/21 | attempt 1/5
[2026-07-06 23:09:43] [record 14/30] question_id=single-session-assistant/ceb54acb | window 1/21 | done ok=True memories=4 elapsed=18.19s
[2026-07-06 23:09:43] [record 14/30] question_id=single-session-assistant/ceb54acb | window 2/21 (window_index=1) | start
[2026-07-06 23:09:43] [record 14/30] question_id=single-session-assistant/ceb54acb | window 2/21 | attempt 1/5
[2026-07-06 23:10:04] [record 14/30] question_id=single-session-assistant/ceb54acb | window 2/21 | done ok=True memories=7 elapsed=21.23s
[2026-07-06 23:10:04] [record 14/30] question_id=single-session-assistant/ceb54acb | window 3/21 (window_index=2) | start
[2026-07-06 23:10:04] [record 14/30] question_id=single-session-assistant/ceb54acb | window 3/21 | attempt 1/5
[2026-07-06 23:10:33] [record 14/30] question_id=single-session-assistant/ceb54acb | window 3/21 | done ok=True memories=3 elapsed=29.62s
[2026-07-06 23:10:33] [record 14/30] question_id=single-session-assistant/ceb54acb | window 4/21 (window_index=3) | start
[2026-07-06 23:10:33] [record 14/30] question_id=single-session-assistant/ceb54acb | window 4/21 | attempt 1/5
[2026-07-06 23:11:33] [record 14/30] question_id=single-session-assistant/ceb54acb | window 4/21 | done ok=True memories=16 elapsed=59.43s
[2026-07-06 23:11:33] [record 14/30] question_id=single-session-assistant/ceb54acb | window 5/21 (window_index=4) | start
[2026-07-06 23:11:33] [record 14/30] question_id=single-session-assistant/ceb54acb | window 5/21 | attempt 1/5
[2026-07-06 23:12:02] [record 14/30] question_id=single-session-assistant/ceb54acb | window 5/21 | attempt 1/5 failed: ValueError: parsed_response_missing_memories_list
[2026-07-06 23:12:04] [record 14/30] question_id=single-session-assistant/ceb54acb | window 5/21 | attempt 2/5
[2026-07-06 23:12:39] [record 14/30] question_id=single-session-assistant/ceb54acb | window 5/21 | done ok=True memories=10 elapsed=65.68s
[2026-07-06 23:12:39] [record 14/30] question_id=single-session-assistant/ceb54acb | window 6/21 (window_index=5) | start
[2026-07-06 23:12:39] [record 14/30] question_id=single-session-assistant/ceb54acb | window 6/21 | attempt 1/5
[2026-07-06 23:13:01] [record 14/30] question_id=single-session-assistant/ceb54acb | window 6/21 | done ok=True memories=7 elapsed=22.76s
[2026-07-06 23:13:01] [record 14/30] question_id=single-session-assistant/ceb54acb | window 7/21 (window_index=6) | start
[2026-07-06 23:13:01] [record 14/30] question_id=single-session-assistant/ceb54acb | window 7/21 | attempt 1/5
[2026-07-06 23:13:28] [record 14/30] question_id=single-session-assistant/ceb54acb | window 7/21 | done ok=True memories=3 elapsed=26.27s
[2026-07-06 23:13:28] [record 14/30] question_id=single-session-assistant/ceb54acb | window 8/21 (window_index=7) | start
[2026-07-06 23:13:28] [record 14/30] question_id=single-session-assistant/ceb54acb | window 8/21 | attempt 1/5
[2026-07-06 23:14:03] [record 14/30] question_id=single-session-assistant/ceb54acb | window 8/21 | done ok=True memories=12 elapsed=35.68s
[2026-07-06 23:14:03] [record 14/30] question_id=single-session-assistant/ceb54acb | window 9/21 (window_index=8) | start
[2026-07-06 23:14:03] [record 14/30] question_id=single-session-assistant/ceb54acb | window 9/21 | attempt 1/5
[2026-07-06 23:14:22] [record 14/30] question_id=single-session-assistant/ceb54acb | window 9/21 | done ok=True memories=4 elapsed=18.22s
[2026-07-06 23:14:22] [record 14/30] question_id=single-session-assistant/ceb54acb | window 10/21 (window_index=9) | start
[2026-07-06 23:14:22] [record 14/30] question_id=single-session-assistant/ceb54acb | window 10/21 | attempt 1/5
[2026-07-06 23:14:39] [record 14/30] question_id=single-session-assistant/ceb54acb | window 10/21 | done ok=True memories=6 elapsed=17.64s
[2026-07-06 23:14:39] [record 14/30] question_id=single-session-assistant/ceb54acb | window 11/21 (window_index=10) | start
[2026-07-06 23:14:39] [record 14/30] question_id=single-session-assistant/ceb54acb | window 11/21 | attempt 1/5
[2026-07-06 23:15:23] [record 14/30] question_id=single-session-assistant/ceb54acb | window 11/21 | done ok=True memories=17 elapsed=43.97s
[2026-07-06 23:15:23] [record 14/30] question_id=single-session-assistant/ceb54acb | window 12/21 (window_index=11) | start
[2026-07-06 23:15:23] [record 14/30] question_id=single-session-assistant/ceb54acb | window 12/21 | attempt 1/5
[2026-07-06 23:15:49] [record 14/30] question_id=single-session-assistant/ceb54acb | window 12/21 | done ok=True memories=9 elapsed=25.39s
[2026-07-06 23:15:49] [record 14/30] question_id=single-session-assistant/ceb54acb | window 13/21 (window_index=12) | start
[2026-07-06 23:15:49] [record 14/30] question_id=single-session-assistant/ceb54acb | window 13/21 | attempt 1/5
[2026-07-06 23:16:15] [record 14/30] question_id=single-session-assistant/ceb54acb | window 13/21 | done ok=True memories=9 elapsed=26.45s
[2026-07-06 23:16:15] [record 14/30] question_id=single-session-assistant/ceb54acb | window 14/21 (window_index=13) | start
[2026-07-06 23:16:15] [record 14/30] question_id=single-session-assistant/ceb54acb | window 14/21 | attempt 1/5
[2026-07-06 23:16:56] [record 14/30] question_id=single-session-assistant/ceb54acb | window 14/21 | done ok=True memories=13 elapsed=40.65s
[2026-07-06 23:16:56] [record 14/30] question_id=single-session-assistant/ceb54acb | window 15/21 (window_index=14) | start
[2026-07-06 23:16:56] [record 14/30] question_id=single-session-assistant/ceb54acb | window 15/21 | attempt 1/5
[2026-07-06 23:17:40] [record 14/30] question_id=single-session-assistant/ceb54acb | window 15/21 | done ok=True memories=14 elapsed=44.38s
[2026-07-06 23:17:40] [record 14/30] question_id=single-session-assistant/ceb54acb | window 16/21 (window_index=15) | start
[2026-07-06 23:17:40] [record 14/30] question_id=single-session-assistant/ceb54acb | window 16/21 | attempt 1/5
[2026-07-06 23:18:18] [record 14/30] question_id=single-session-assistant/ceb54acb | window 16/21 | done ok=True memories=11 elapsed=38.23s
[2026-07-06 23:18:18] [record 14/30] question_id=single-session-assistant/ceb54acb | window 17/21 (window_index=16) | start
[2026-07-06 23:18:18] [record 14/30] question_id=single-session-assistant/ceb54acb | window 17/21 | attempt 1/5
[2026-07-06 23:19:05] [record 14/30] question_id=single-session-assistant/ceb54acb | window 17/21 | done ok=True memories=9 elapsed=46.95s
[2026-07-06 23:19:05] [record 14/30] question_id=single-session-assistant/ceb54acb | window 18/21 (window_index=17) | start
[2026-07-06 23:19:05] [record 14/30] question_id=single-session-assistant/ceb54acb | window 18/21 | attempt 1/5
[2026-07-06 23:19:43] [record 14/30] question_id=single-session-assistant/ceb54acb | window 18/21 | done ok=True memories=12 elapsed=37.59s
[2026-07-06 23:19:43] [record 14/30] question_id=single-session-assistant/ceb54acb | window 19/21 (window_index=18) | start
[2026-07-06 23:19:43] [record 14/30] question_id=single-session-assistant/ceb54acb | window 19/21 | attempt 1/5
[2026-07-06 23:20:14] [record 14/30] question_id=single-session-assistant/ceb54acb | window 19/21 | done ok=True memories=9 elapsed=31.03s
[2026-07-06 23:20:14] [record 14/30] question_id=single-session-assistant/ceb54acb | window 20/21 (window_index=19) | start
[2026-07-06 23:20:14] [record 14/30] question_id=single-session-assistant/ceb54acb | window 20/21 | attempt 1/5
[2026-07-06 23:20:42] [record 14/30] question_id=single-session-assistant/ceb54acb | window 20/21 | done ok=True memories=9 elapsed=28.29s
[2026-07-06 23:20:42] [record 14/30] question_id=single-session-assistant/ceb54acb | window 21/21 (window_index=20) | start
[2026-07-06 23:20:42] [record 14/30] question_id=single-session-assistant/ceb54acb | window 21/21 | attempt 1/5
[2026-07-06 23:20:50] [record 14/30] question_id=single-session-assistant/ceb54acb | window 21/21 | done ok=True memories=1 elapsed=7.56s
[2026-07-06 23:20:50] [record 14/30] question_id=single-session-assistant/ceb54acb | finished | ok_windows=21/21 | total_memories=185
[2026-07-06 23:20:50] [record 14/30] question_id=single-session-assistant/ceb54acb | record done | done=14/30 failed=0 skipped=0
[2026-07-06 23:20:50] [record 15/30] question_id=single-session-assistant/28bcfaac | start | done=14 failed=0 skipped=0
[2026-07-06 23:20:50] [record 15/30] question_id=single-session-assistant/28bcfaac | windows=21 | start extraction
[2026-07-06 23:20:50] [record 15/30] question_id=single-session-assistant/28bcfaac | window 1/21 (window_index=0) | start
[2026-07-06 23:20:50] [record 15/30] question_id=single-session-assistant/28bcfaac | window 1/21 | attempt 1/5
[2026-07-06 23:21:24] [record 15/30] question_id=single-session-assistant/28bcfaac | window 1/21 | done ok=True memories=10 elapsed=34.50s
[2026-07-06 23:21:24] [record 15/30] question_id=single-session-assistant/28bcfaac | window 2/21 (window_index=1) | start
[2026-07-06 23:21:24] [record 15/30] question_id=single-session-assistant/28bcfaac | window 2/21 | attempt 1/5
[2026-07-06 23:21:44] [record 15/30] question_id=single-session-assistant/28bcfaac | window 2/21 | done ok=True memories=6 elapsed=20.26s
[2026-07-06 23:21:44] [record 15/30] question_id=single-session-assistant/28bcfaac | window 3/21 (window_index=2) | start
[2026-07-06 23:21:44] [record 15/30] question_id=single-session-assistant/28bcfaac | window 3/21 | attempt 1/5
[2026-07-06 23:22:05] [record 15/30] question_id=single-session-assistant/28bcfaac | window 3/21 | done ok=True memories=9 elapsed=20.32s
[2026-07-06 23:22:05] [record 15/30] question_id=single-session-assistant/28bcfaac | window 4/21 (window_index=3) | start
[2026-07-06 23:22:05] [record 15/30] question_id=single-session-assistant/28bcfaac | window 4/21 | attempt 1/5
[2026-07-06 23:22:24] [record 15/30] question_id=single-session-assistant/28bcfaac | window 4/21 | done ok=True memories=3 elapsed=18.82s
[2026-07-06 23:22:24] [record 15/30] question_id=single-session-assistant/28bcfaac | window 5/21 (window_index=4) | start
[2026-07-06 23:22:24] [record 15/30] question_id=single-session-assistant/28bcfaac | window 5/21 | attempt 1/5
[2026-07-06 23:22:36] [record 15/30] question_id=single-session-assistant/28bcfaac | window 5/21 | done ok=True memories=1 elapsed=12.24s
[2026-07-06 23:22:36] [record 15/30] question_id=single-session-assistant/28bcfaac | window 6/21 (window_index=5) | start
[2026-07-06 23:22:36] [record 15/30] question_id=single-session-assistant/28bcfaac | window 6/21 | attempt 1/5
[2026-07-06 23:23:14] [record 15/30] question_id=single-session-assistant/28bcfaac | window 6/21 | done ok=True memories=11 elapsed=38.43s
[2026-07-06 23:23:14] [record 15/30] question_id=single-session-assistant/28bcfaac | window 7/21 (window_index=6) | start
[2026-07-06 23:23:14] [record 15/30] question_id=single-session-assistant/28bcfaac | window 7/21 | attempt 1/5
[2026-07-06 23:23:59] [record 15/30] question_id=single-session-assistant/28bcfaac | window 7/21 | done ok=True memories=10 elapsed=44.80s
[2026-07-06 23:23:59] [record 15/30] question_id=single-session-assistant/28bcfaac | window 8/21 (window_index=7) | start
[2026-07-06 23:23:59] [record 15/30] question_id=single-session-assistant/28bcfaac | window 8/21 | attempt 1/5
[2026-07-06 23:24:20] [record 15/30] question_id=single-session-assistant/28bcfaac | window 8/21 | done ok=True memories=6 elapsed=21.17s
[2026-07-06 23:24:20] [record 15/30] question_id=single-session-assistant/28bcfaac | window 9/21 (window_index=8) | start
[2026-07-06 23:24:20] [record 15/30] question_id=single-session-assistant/28bcfaac | window 9/21 | attempt 1/5
[2026-07-06 23:24:36] [record 15/30] question_id=single-session-assistant/28bcfaac | window 9/21 | done ok=True memories=6 elapsed=15.60s
[2026-07-06 23:24:36] [record 15/30] question_id=single-session-assistant/28bcfaac | window 10/21 (window_index=9) | start
[2026-07-06 23:24:36] [record 15/30] question_id=single-session-assistant/28bcfaac | window 10/21 | attempt 1/5
[2026-07-06 23:25:11] [record 15/30] question_id=single-session-assistant/28bcfaac | window 10/21 | done ok=True memories=13 elapsed=35.47s
[2026-07-06 23:25:11] [record 15/30] question_id=single-session-assistant/28bcfaac | window 11/21 (window_index=10) | start
[2026-07-06 23:25:11] [record 15/30] question_id=single-session-assistant/28bcfaac | window 11/21 | attempt 1/5
[2026-07-06 23:25:37] [record 15/30] question_id=single-session-assistant/28bcfaac | window 11/21 | done ok=True memories=13 elapsed=25.60s
[2026-07-06 23:25:37] [record 15/30] question_id=single-session-assistant/28bcfaac | window 12/21 (window_index=11) | start
[2026-07-06 23:25:37] [record 15/30] question_id=single-session-assistant/28bcfaac | window 12/21 | attempt 1/5
[2026-07-06 23:25:53] [record 15/30] question_id=single-session-assistant/28bcfaac | window 12/21 | done ok=True memories=5 elapsed=16.30s
[2026-07-06 23:25:53] [record 15/30] question_id=single-session-assistant/28bcfaac | window 13/21 (window_index=12) | start
[2026-07-06 23:25:53] [record 15/30] question_id=single-session-assistant/28bcfaac | window 13/21 | attempt 1/5
[2026-07-06 23:26:32] [record 15/30] question_id=single-session-assistant/28bcfaac | window 13/21 | done ok=True memories=11 elapsed=38.57s
[2026-07-06 23:26:32] [record 15/30] question_id=single-session-assistant/28bcfaac | window 14/21 (window_index=13) | start
[2026-07-06 23:26:32] [record 15/30] question_id=single-session-assistant/28bcfaac | window 14/21 | attempt 1/5
[2026-07-06 23:27:18] [record 15/30] question_id=single-session-assistant/28bcfaac | window 14/21 | done ok=True memories=13 elapsed=46.00s
[2026-07-06 23:27:18] [record 15/30] question_id=single-session-assistant/28bcfaac | window 15/21 (window_index=14) | start
[2026-07-06 23:27:18] [record 15/30] question_id=single-session-assistant/28bcfaac | window 15/21 | attempt 1/5
[2026-07-06 23:28:18] [record 15/30] question_id=single-session-assistant/28bcfaac | window 15/21 | done ok=True memories=14 elapsed=60.52s
[2026-07-06 23:28:18] [record 15/30] question_id=single-session-assistant/28bcfaac | window 16/21 (window_index=15) | start
[2026-07-06 23:28:18] [record 15/30] question_id=single-session-assistant/28bcfaac | window 16/21 | attempt 1/5
[2026-07-06 23:29:05] [record 15/30] question_id=single-session-assistant/28bcfaac | window 16/21 | done ok=True memories=15 elapsed=46.86s
[2026-07-06 23:29:05] [record 15/30] question_id=single-session-assistant/28bcfaac | window 17/21 (window_index=16) | start
[2026-07-06 23:29:05] [record 15/30] question_id=single-session-assistant/28bcfaac | window 17/21 | attempt 1/5
[2026-07-06 23:29:25] [record 15/30] question_id=single-session-assistant/28bcfaac | window 17/21 | done ok=True memories=10 elapsed=19.41s
[2026-07-06 23:29:25] [record 15/30] question_id=single-session-assistant/28bcfaac | window 18/21 (window_index=17) | start
[2026-07-06 23:29:25] [record 15/30] question_id=single-session-assistant/28bcfaac | window 18/21 | attempt 1/5
[2026-07-06 23:29:52] [record 15/30] question_id=single-session-assistant/28bcfaac | window 18/21 | done ok=True memories=7 elapsed=27.42s
[2026-07-06 23:29:52] [record 15/30] question_id=single-session-assistant/28bcfaac | window 19/21 (window_index=18) | start
[2026-07-06 23:29:52] [record 15/30] question_id=single-session-assistant/28bcfaac | window 19/21 | attempt 1/5
[2026-07-06 23:30:32] [record 15/30] question_id=single-session-assistant/28bcfaac | window 19/21 | done ok=True memories=7 elapsed=40.41s
[2026-07-06 23:30:32] [record 15/30] question_id=single-session-assistant/28bcfaac | window 20/21 (window_index=19) | start
[2026-07-06 23:30:32] [record 15/30] question_id=single-session-assistant/28bcfaac | window 20/21 | attempt 1/5
[2026-07-06 23:30:49] [record 15/30] question_id=single-session-assistant/28bcfaac | window 20/21 | done ok=True memories=2 elapsed=16.87s
[2026-07-06 23:30:49] [record 15/30] question_id=single-session-assistant/28bcfaac | window 21/21 (window_index=20) | start
[2026-07-06 23:30:49] [record 15/30] question_id=single-session-assistant/28bcfaac | window 21/21 | attempt 1/5
[2026-07-06 23:30:56] [record 15/30] question_id=single-session-assistant/28bcfaac | window 21/21 | done ok=True memories=0 elapsed=6.81s
[2026-07-06 23:30:56] [record 15/30] question_id=single-session-assistant/28bcfaac | finished | ok_windows=21/21 | total_memories=172
[2026-07-06 23:30:56] [record 15/30] question_id=single-session-assistant/28bcfaac | record done | done=15/30 failed=0 skipped=0
[2026-07-06 23:30:56] [record 16/30] question_id=single-session-assistant/18dcd5a5 | start | done=15 failed=0 skipped=0
[2026-07-06 23:30:56] [record 16/30] question_id=single-session-assistant/18dcd5a5 | windows=21 | start extraction
[2026-07-06 23:30:56] [record 16/30] question_id=single-session-assistant/18dcd5a5 | window 1/21 (window_index=0) | start
[2026-07-06 23:30:56] [record 16/30] question_id=single-session-assistant/18dcd5a5 | window 1/21 | attempt 1/5
[2026-07-06 23:31:29] [record 16/30] question_id=single-session-assistant/18dcd5a5 | window 1/21 | done ok=True memories=2 elapsed=32.92s
[2026-07-06 23:31:29] [record 16/30] question_id=single-session-assistant/18dcd5a5 | window 2/21 (window_index=1) | start
[2026-07-06 23:31:29] [record 16/30] question_id=single-session-assistant/18dcd5a5 | window 2/21 | attempt 1/5
[2026-07-06 23:31:54] [record 16/30] question_id=single-session-assistant/18dcd5a5 | window 2/21 | done ok=True memories=5 elapsed=24.51s
[2026-07-06 23:31:54] [record 16/30] question_id=single-session-assistant/18dcd5a5 | window 3/21 (window_index=2) | start
[2026-07-06 23:31:54] [record 16/30] question_id=single-session-assistant/18dcd5a5 | window 3/21 | attempt 1/5
[2026-07-06 23:32:32] [record 16/30] question_id=single-session-assistant/18dcd5a5 | window 3/21 | done ok=True memories=10 elapsed=38.60s
[2026-07-06 23:32:32] [record 16/30] question_id=single-session-assistant/18dcd5a5 | window 4/21 (window_index=3) | start
[2026-07-06 23:32:32] [record 16/30] question_id=single-session-assistant/18dcd5a5 | window 4/21 | attempt 1/5
[2026-07-06 23:32:49] [record 16/30] question_id=single-session-assistant/18dcd5a5 | window 4/21 | done ok=True memories=5 elapsed=16.72s
[2026-07-06 23:32:49] [record 16/30] question_id=single-session-assistant/18dcd5a5 | window 5/21 (window_index=4) | start
[2026-07-06 23:32:49] [record 16/30] question_id=single-session-assistant/18dcd5a5 | window 5/21 | attempt 1/5
[2026-07-06 23:33:34] [record 16/30] question_id=single-session-assistant/18dcd5a5 | window 5/21 | done ok=True memories=7 elapsed=44.73s
[2026-07-06 23:33:34] [record 16/30] question_id=single-session-assistant/18dcd5a5 | window 6/21 (window_index=5) | start
[2026-07-06 23:33:34] [record 16/30] question_id=single-session-assistant/18dcd5a5 | window 6/21 | attempt 1/5
[2026-07-06 23:34:04] [record 16/30] question_id=single-session-assistant/18dcd5a5 | window 6/21 | done ok=True memories=6 elapsed=30.31s
[2026-07-06 23:34:04] [record 16/30] question_id=single-session-assistant/18dcd5a5 | window 7/21 (window_index=6) | start
[2026-07-06 23:34:04] [record 16/30] question_id=single-session-assistant/18dcd5a5 | window 7/21 | attempt 1/5
[2026-07-06 23:34:37] [record 16/30] question_id=single-session-assistant/18dcd5a5 | window 7/21 | done ok=True memories=9 elapsed=32.64s
[2026-07-06 23:34:37] [record 16/30] question_id=single-session-assistant/18dcd5a5 | window 8/21 (window_index=7) | start
[2026-07-06 23:34:37] [record 16/30] question_id=single-session-assistant/18dcd5a5 | window 8/21 | attempt 1/5
[2026-07-06 23:35:06] [record 16/30] question_id=single-session-assistant/18dcd5a5 | window 8/21 | done ok=True memories=6 elapsed=29.56s
[2026-07-06 23:35:06] [record 16/30] question_id=single-session-assistant/18dcd5a5 | window 9/21 (window_index=8) | start
[2026-07-06 23:35:06] [record 16/30] question_id=single-session-assistant/18dcd5a5 | window 9/21 | attempt 1/5
[2026-07-06 23:35:36] [record 16/30] question_id=single-session-assistant/18dcd5a5 | window 9/21 | done ok=True memories=8 elapsed=29.77s
[2026-07-06 23:35:36] [record 16/30] question_id=single-session-assistant/18dcd5a5 | window 10/21 (window_index=9) | start
[2026-07-06 23:35:36] [record 16/30] question_id=single-session-assistant/18dcd5a5 | window 10/21 | attempt 1/5
[2026-07-06 23:36:05] [record 16/30] question_id=single-session-assistant/18dcd5a5 | window 10/21 | done ok=True memories=7 elapsed=29.52s
[2026-07-06 23:36:05] [record 16/30] question_id=single-session-assistant/18dcd5a5 | window 11/21 (window_index=10) | start
[2026-07-06 23:36:05] [record 16/30] question_id=single-session-assistant/18dcd5a5 | window 11/21 | attempt 1/5
[2026-07-06 23:36:29] [record 16/30] question_id=single-session-assistant/18dcd5a5 | window 11/21 | done ok=True memories=7 elapsed=23.15s
[2026-07-06 23:36:29] [record 16/30] question_id=single-session-assistant/18dcd5a5 | window 12/21 (window_index=11) | start
[2026-07-06 23:36:29] [record 16/30] question_id=single-session-assistant/18dcd5a5 | window 12/21 | attempt 1/5
[2026-07-06 23:36:58] [record 16/30] question_id=single-session-assistant/18dcd5a5 | window 12/21 | done ok=True memories=10 elapsed=29.57s
[2026-07-06 23:36:58] [record 16/30] question_id=single-session-assistant/18dcd5a5 | window 13/21 (window_index=12) | start
[2026-07-06 23:36:58] [record 16/30] question_id=single-session-assistant/18dcd5a5 | window 13/21 | attempt 1/5
[2026-07-06 23:37:21] [record 16/30] question_id=single-session-assistant/18dcd5a5 | window 13/21 | done ok=True memories=2 elapsed=22.47s
[2026-07-06 23:37:21] [record 16/30] question_id=single-session-assistant/18dcd5a5 | window 14/21 (window_index=13) | start
[2026-07-06 23:37:21] [record 16/30] question_id=single-session-assistant/18dcd5a5 | window 14/21 | attempt 1/5
[2026-07-06 23:37:54] [record 16/30] question_id=single-session-assistant/18dcd5a5 | window 14/21 | done ok=True memories=7 elapsed=33.33s
[2026-07-06 23:37:54] [record 16/30] question_id=single-session-assistant/18dcd5a5 | window 15/21 (window_index=14) | start
[2026-07-06 23:37:54] [record 16/30] question_id=single-session-assistant/18dcd5a5 | window 15/21 | attempt 1/5
[2026-07-06 23:38:19] [record 16/30] question_id=single-session-assistant/18dcd5a5 | window 15/21 | done ok=True memories=8 elapsed=25.44s
[2026-07-06 23:38:19] [record 16/30] question_id=single-session-assistant/18dcd5a5 | window 16/21 (window_index=15) | start
[2026-07-06 23:38:19] [record 16/30] question_id=single-session-assistant/18dcd5a5 | window 16/21 | attempt 1/5
[2026-07-06 23:38:56] [record 16/30] question_id=single-session-assistant/18dcd5a5 | window 16/21 | done ok=True memories=8 elapsed=36.89s
[2026-07-06 23:38:56] [record 16/30] question_id=single-session-assistant/18dcd5a5 | window 17/21 (window_index=16) | start
[2026-07-06 23:38:56] [record 16/30] question_id=single-session-assistant/18dcd5a5 | window 17/21 | attempt 1/5
[2026-07-06 23:39:47] [record 16/30] question_id=single-session-assistant/18dcd5a5 | window 17/21 | done ok=True memories=11 elapsed=50.22s
[2026-07-06 23:39:47] [record 16/30] question_id=single-session-assistant/18dcd5a5 | window 18/21 (window_index=17) | start
[2026-07-06 23:39:47] [record 16/30] question_id=single-session-assistant/18dcd5a5 | window 18/21 | attempt 1/5
[2026-07-06 23:40:19] [record 16/30] question_id=single-session-assistant/18dcd5a5 | window 18/21 | done ok=True memories=12 elapsed=32.79s
[2026-07-06 23:40:19] [record 16/30] question_id=single-session-assistant/18dcd5a5 | window 19/21 (window_index=18) | start
[2026-07-06 23:40:19] [record 16/30] question_id=single-session-assistant/18dcd5a5 | window 19/21 | attempt 1/5
[2026-07-06 23:40:42] [record 16/30] question_id=single-session-assistant/18dcd5a5 | window 19/21 | done ok=True memories=6 elapsed=22.26s
[2026-07-06 23:40:42] [record 16/30] question_id=single-session-assistant/18dcd5a5 | window 20/21 (window_index=19) | start
[2026-07-06 23:40:42] [record 16/30] question_id=single-session-assistant/18dcd5a5 | window 20/21 | attempt 1/5
[2026-07-06 23:41:03] [record 16/30] question_id=single-session-assistant/18dcd5a5 | window 20/21 | done ok=True memories=10 elapsed=20.92s
[2026-07-06 23:41:03] [record 16/30] question_id=single-session-assistant/18dcd5a5 | window 21/21 (window_index=20) | start
[2026-07-06 23:41:03] [record 16/30] question_id=single-session-assistant/18dcd5a5 | window 21/21 | attempt 1/5
[2026-07-06 23:41:13] [record 16/30] question_id=single-session-assistant/18dcd5a5 | window 21/21 | done ok=True memories=1 elapsed=10.57s
[2026-07-06 23:41:13] [record 16/30] question_id=single-session-assistant/18dcd5a5 | finished | ok_windows=21/21 | total_memories=147
[2026-07-06 23:41:13] [record 16/30] question_id=single-session-assistant/18dcd5a5 | record done | done=16/30 failed=0 skipped=0
[2026-07-06 23:41:13] [record 17/30] question_id=single-session-preference/0edc2aef | start | done=16 failed=0 skipped=0
[2026-07-06 23:41:13] [record 17/30] question_id=single-session-preference/0edc2aef | windows=20 | start extraction
[2026-07-06 23:41:13] [record 17/30] question_id=single-session-preference/0edc2aef | window 1/20 (window_index=0) | start
[2026-07-06 23:41:13] [record 17/30] question_id=single-session-preference/0edc2aef | window 1/20 | attempt 1/5
[2026-07-06 23:41:41] [record 17/30] question_id=single-session-preference/0edc2aef | window 1/20 | done ok=True memories=6 elapsed=27.50s
[2026-07-06 23:41:41] [record 17/30] question_id=single-session-preference/0edc2aef | window 2/20 (window_index=1) | start
[2026-07-06 23:41:41] [record 17/30] question_id=single-session-preference/0edc2aef | window 2/20 | attempt 1/5
[2026-07-06 23:42:12] [record 17/30] question_id=single-session-preference/0edc2aef | window 2/20 | done ok=True memories=8 elapsed=31.67s
[2026-07-06 23:42:12] [record 17/30] question_id=single-session-preference/0edc2aef | window 3/20 (window_index=2) | start
[2026-07-06 23:42:12] [record 17/30] question_id=single-session-preference/0edc2aef | window 3/20 | attempt 1/5
[2026-07-06 23:42:35] [record 17/30] question_id=single-session-preference/0edc2aef | window 3/20 | done ok=True memories=3 elapsed=22.30s
[2026-07-06 23:42:35] [record 17/30] question_id=single-session-preference/0edc2aef | window 4/20 (window_index=3) | start
[2026-07-06 23:42:35] [record 17/30] question_id=single-session-preference/0edc2aef | window 4/20 | attempt 1/5
[2026-07-06 23:43:11] [record 17/30] question_id=single-session-preference/0edc2aef | window 4/20 | done ok=True memories=17 elapsed=36.10s
[2026-07-06 23:43:11] [record 17/30] question_id=single-session-preference/0edc2aef | window 5/20 (window_index=4) | start
[2026-07-06 23:43:11] [record 17/30] question_id=single-session-preference/0edc2aef | window 5/20 | attempt 1/5
[2026-07-06 23:44:02] [record 17/30] question_id=single-session-preference/0edc2aef | window 5/20 | done ok=True memories=15 elapsed=51.69s
[2026-07-06 23:44:02] [record 17/30] question_id=single-session-preference/0edc2aef | window 6/20 (window_index=5) | start
[2026-07-06 23:44:02] [record 17/30] question_id=single-session-preference/0edc2aef | window 6/20 | attempt 1/5
[2026-07-06 23:44:41] [record 17/30] question_id=single-session-preference/0edc2aef | window 6/20 | done ok=True memories=11 elapsed=38.41s
[2026-07-06 23:44:41] [record 17/30] question_id=single-session-preference/0edc2aef | window 7/20 (window_index=6) | start
[2026-07-06 23:44:41] [record 17/30] question_id=single-session-preference/0edc2aef | window 7/20 | attempt 1/5
[2026-07-06 23:45:20] [record 17/30] question_id=single-session-preference/0edc2aef | window 7/20 | done ok=True memories=15 elapsed=38.79s
[2026-07-06 23:45:20] [record 17/30] question_id=single-session-preference/0edc2aef | window 8/20 (window_index=7) | start
[2026-07-06 23:45:20] [record 17/30] question_id=single-session-preference/0edc2aef | window 8/20 | attempt 1/5
[2026-07-06 23:45:58] [record 17/30] question_id=single-session-preference/0edc2aef | window 8/20 | done ok=True memories=11 elapsed=38.09s
[2026-07-06 23:45:58] [record 17/30] question_id=single-session-preference/0edc2aef | window 9/20 (window_index=8) | start
[2026-07-06 23:45:58] [record 17/30] question_id=single-session-preference/0edc2aef | window 9/20 | attempt 1/5
[2026-07-06 23:46:14] [record 17/30] question_id=single-session-preference/0edc2aef | window 9/20 | done ok=True memories=6 elapsed=16.60s
[2026-07-06 23:46:14] [record 17/30] question_id=single-session-preference/0edc2aef | window 10/20 (window_index=9) | start
[2026-07-06 23:46:14] [record 17/30] question_id=single-session-preference/0edc2aef | window 10/20 | attempt 1/5
[2026-07-06 23:46:37] [record 17/30] question_id=single-session-preference/0edc2aef | window 10/20 | done ok=True memories=10 elapsed=22.87s
[2026-07-06 23:46:37] [record 17/30] question_id=single-session-preference/0edc2aef | window 11/20 (window_index=10) | start
[2026-07-06 23:46:37] [record 17/30] question_id=single-session-preference/0edc2aef | window 11/20 | attempt 1/5
[2026-07-06 23:46:57] [record 17/30] question_id=single-session-preference/0edc2aef | window 11/20 | done ok=True memories=5 elapsed=20.29s
[2026-07-06 23:46:57] [record 17/30] question_id=single-session-preference/0edc2aef | window 12/20 (window_index=11) | start
[2026-07-06 23:46:57] [record 17/30] question_id=single-session-preference/0edc2aef | window 12/20 | attempt 1/5
[2026-07-06 23:47:39] [record 17/30] question_id=single-session-preference/0edc2aef | window 12/20 | done ok=True memories=16 elapsed=41.15s
[2026-07-06 23:47:39] [record 17/30] question_id=single-session-preference/0edc2aef | window 13/20 (window_index=12) | start
[2026-07-06 23:47:39] [record 17/30] question_id=single-session-preference/0edc2aef | window 13/20 | attempt 1/5
[2026-07-06 23:48:22] [record 17/30] question_id=single-session-preference/0edc2aef | window 13/20 | done ok=True memories=9 elapsed=43.37s
[2026-07-06 23:48:22] [record 17/30] question_id=single-session-preference/0edc2aef | window 14/20 (window_index=13) | start
[2026-07-06 23:48:22] [record 17/30] question_id=single-session-preference/0edc2aef | window 14/20 | attempt 1/5
[2026-07-06 23:49:00] [record 17/30] question_id=single-session-preference/0edc2aef | window 14/20 | done ok=True memories=8 elapsed=37.97s
[2026-07-06 23:49:00] [record 17/30] question_id=single-session-preference/0edc2aef | window 15/20 (window_index=14) | start
[2026-07-06 23:49:00] [record 17/30] question_id=single-session-preference/0edc2aef | window 15/20 | attempt 1/5
[2026-07-06 23:49:23] [record 17/30] question_id=single-session-preference/0edc2aef | window 15/20 | done ok=True memories=10 elapsed=23.05s
[2026-07-06 23:49:23] [record 17/30] question_id=single-session-preference/0edc2aef | window 16/20 (window_index=15) | start
[2026-07-06 23:49:23] [record 17/30] question_id=single-session-preference/0edc2aef | window 16/20 | attempt 1/5
[2026-07-06 23:49:59] [record 17/30] question_id=single-session-preference/0edc2aef | window 16/20 | done ok=True memories=6 elapsed=35.66s
[2026-07-06 23:49:59] [record 17/30] question_id=single-session-preference/0edc2aef | window 17/20 (window_index=16) | start
[2026-07-06 23:49:59] [record 17/30] question_id=single-session-preference/0edc2aef | window 17/20 | attempt 1/5
[2026-07-06 23:50:36] [record 17/30] question_id=single-session-preference/0edc2aef | window 17/20 | done ok=True memories=8 elapsed=37.34s
[2026-07-06 23:50:36] [record 17/30] question_id=single-session-preference/0edc2aef | window 18/20 (window_index=17) | start
[2026-07-06 23:50:36] [record 17/30] question_id=single-session-preference/0edc2aef | window 18/20 | attempt 1/5
[2026-07-06 23:51:13] [record 17/30] question_id=single-session-preference/0edc2aef | window 18/20 | done ok=True memories=12 elapsed=36.80s
[2026-07-06 23:51:13] [record 17/30] question_id=single-session-preference/0edc2aef | window 19/20 (window_index=18) | start
[2026-07-06 23:51:13] [record 17/30] question_id=single-session-preference/0edc2aef | window 19/20 | attempt 1/5
[2026-07-06 23:51:34] [record 17/30] question_id=single-session-preference/0edc2aef | window 19/20 | done ok=True memories=6 elapsed=21.08s
[2026-07-06 23:51:34] [record 17/30] question_id=single-session-preference/0edc2aef | window 20/20 (window_index=19) | start
[2026-07-06 23:51:34] [record 17/30] question_id=single-session-preference/0edc2aef | window 20/20 | attempt 1/5
[2026-07-06 23:51:50] [record 17/30] question_id=single-session-preference/0edc2aef | window 20/20 | done ok=True memories=3 elapsed=16.22s
[2026-07-06 23:51:50] [record 17/30] question_id=single-session-preference/0edc2aef | finished | ok_windows=20/20 | total_memories=185
[2026-07-06 23:51:50] [record 17/30] question_id=single-session-preference/0edc2aef | record done | done=17/30 failed=0 skipped=0
[2026-07-06 23:51:50] [record 18/30] question_id=single-session-preference/1da05512 | start | done=17 failed=0 skipped=0
[2026-07-06 23:51:50] [record 18/30] question_id=single-session-preference/1da05512 | windows=19 | start extraction
[2026-07-06 23:51:50] [record 18/30] question_id=single-session-preference/1da05512 | window 1/19 (window_index=0) | start
[2026-07-06 23:51:50] [record 18/30] question_id=single-session-preference/1da05512 | window 1/19 | attempt 1/5
[2026-07-06 23:52:19] [record 18/30] question_id=single-session-preference/1da05512 | window 1/19 | done ok=True memories=8 elapsed=28.82s
[2026-07-06 23:52:19] [record 18/30] question_id=single-session-preference/1da05512 | window 2/19 (window_index=1) | start
[2026-07-06 23:52:19] [record 18/30] question_id=single-session-preference/1da05512 | window 2/19 | attempt 1/5
[2026-07-06 23:52:39] [record 18/30] question_id=single-session-preference/1da05512 | window 2/19 | done ok=True memories=4 elapsed=20.23s
[2026-07-06 23:52:39] [record 18/30] question_id=single-session-preference/1da05512 | window 3/19 (window_index=2) | start
[2026-07-06 23:52:39] [record 18/30] question_id=single-session-preference/1da05512 | window 3/19 | attempt 1/5
[2026-07-06 23:53:28] [record 18/30] question_id=single-session-preference/1da05512 | window 3/19 | done ok=True memories=19 elapsed=48.73s
[2026-07-06 23:53:28] [record 18/30] question_id=single-session-preference/1da05512 | window 4/19 (window_index=3) | start
[2026-07-06 23:53:28] [record 18/30] question_id=single-session-preference/1da05512 | window 4/19 | attempt 1/5
[2026-07-06 23:53:52] [record 18/30] question_id=single-session-preference/1da05512 | window 4/19 | done ok=True memories=8 elapsed=24.35s
[2026-07-06 23:53:52] [record 18/30] question_id=single-session-preference/1da05512 | window 5/19 (window_index=4) | start
[2026-07-06 23:53:52] [record 18/30] question_id=single-session-preference/1da05512 | window 5/19 | attempt 1/5
[2026-07-06 23:54:09] [record 18/30] question_id=single-session-preference/1da05512 | window 5/19 | done ok=True memories=6 elapsed=16.74s
[2026-07-06 23:54:09] [record 18/30] question_id=single-session-preference/1da05512 | window 6/19 (window_index=5) | start
[2026-07-06 23:54:09] [record 18/30] question_id=single-session-preference/1da05512 | window 6/19 | attempt 1/5
[2026-07-06 23:54:36] [record 18/30] question_id=single-session-preference/1da05512 | window 6/19 | done ok=True memories=6 elapsed=26.73s
[2026-07-06 23:54:36] [record 18/30] question_id=single-session-preference/1da05512 | window 7/19 (window_index=6) | start
[2026-07-06 23:54:36] [record 18/30] question_id=single-session-preference/1da05512 | window 7/19 | attempt 1/5
[2026-07-06 23:54:57] [record 18/30] question_id=single-session-preference/1da05512 | window 7/19 | done ok=True memories=7 elapsed=21.34s
[2026-07-06 23:54:57] [record 18/30] question_id=single-session-preference/1da05512 | window 8/19 (window_index=7) | start
[2026-07-06 23:54:57] [record 18/30] question_id=single-session-preference/1da05512 | window 8/19 | attempt 1/5
[2026-07-06 23:55:19] [record 18/30] question_id=single-session-preference/1da05512 | window 8/19 | done ok=True memories=7 elapsed=21.85s
[2026-07-06 23:55:19] [record 18/30] question_id=single-session-preference/1da05512 | window 9/19 (window_index=8) | start
[2026-07-06 23:55:19] [record 18/30] question_id=single-session-preference/1da05512 | window 9/19 | attempt 1/5
[2026-07-06 23:55:47] [record 18/30] question_id=single-session-preference/1da05512 | window 9/19 | done ok=True memories=12 elapsed=28.52s
[2026-07-06 23:55:47] [record 18/30] question_id=single-session-preference/1da05512 | window 10/19 (window_index=9) | start
[2026-07-06 23:55:47] [record 18/30] question_id=single-session-preference/1da05512 | window 10/19 | attempt 1/5
[2026-07-06 23:56:24] [record 18/30] question_id=single-session-preference/1da05512 | window 10/19 | done ok=True memories=8 elapsed=37.03s
[2026-07-06 23:56:24] [record 18/30] question_id=single-session-preference/1da05512 | window 11/19 (window_index=10) | start
[2026-07-06 23:56:24] [record 18/30] question_id=single-session-preference/1da05512 | window 11/19 | attempt 1/5
[2026-07-06 23:56:45] [record 18/30] question_id=single-session-preference/1da05512 | window 11/19 | done ok=True memories=4 elapsed=20.26s
[2026-07-06 23:56:45] [record 18/30] question_id=single-session-preference/1da05512 | window 12/19 (window_index=11) | start
[2026-07-06 23:56:45] [record 18/30] question_id=single-session-preference/1da05512 | window 12/19 | attempt 1/5
[2026-07-06 23:57:24] [record 18/30] question_id=single-session-preference/1da05512 | window 12/19 | done ok=True memories=11 elapsed=39.17s
[2026-07-06 23:57:24] [record 18/30] question_id=single-session-preference/1da05512 | window 13/19 (window_index=12) | start
[2026-07-06 23:57:24] [record 18/30] question_id=single-session-preference/1da05512 | window 13/19 | attempt 1/5
[2026-07-06 23:57:49] [record 18/30] question_id=single-session-preference/1da05512 | window 13/19 | done ok=True memories=10 elapsed=25.15s
[2026-07-06 23:57:49] [record 18/30] question_id=single-session-preference/1da05512 | window 14/19 (window_index=13) | start
[2026-07-06 23:57:49] [record 18/30] question_id=single-session-preference/1da05512 | window 14/19 | attempt 1/5
[2026-07-06 23:58:25] [record 18/30] question_id=single-session-preference/1da05512 | window 14/19 | done ok=True memories=17 elapsed=35.75s
[2026-07-06 23:58:25] [record 18/30] question_id=single-session-preference/1da05512 | window 15/19 (window_index=14) | start
[2026-07-06 23:58:25] [record 18/30] question_id=single-session-preference/1da05512 | window 15/19 | attempt 1/5
[2026-07-06 23:58:54] [record 18/30] question_id=single-session-preference/1da05512 | window 15/19 | done ok=True memories=4 elapsed=29.30s
[2026-07-06 23:58:54] [record 18/30] question_id=single-session-preference/1da05512 | window 16/19 (window_index=15) | start
[2026-07-06 23:58:54] [record 18/30] question_id=single-session-preference/1da05512 | window 16/19 | attempt 1/5
[2026-07-06 23:59:18] [record 18/30] question_id=single-session-preference/1da05512 | window 16/19 | done ok=True memories=6 elapsed=24.02s
[2026-07-06 23:59:18] [record 18/30] question_id=single-session-preference/1da05512 | window 17/19 (window_index=16) | start
[2026-07-06 23:59:18] [record 18/30] question_id=single-session-preference/1da05512 | window 17/19 | attempt 1/5
[2026-07-06 23:59:54] [record 18/30] question_id=single-session-preference/1da05512 | window 17/19 | done ok=True memories=10 elapsed=35.47s
[2026-07-06 23:59:54] [record 18/30] question_id=single-session-preference/1da05512 | window 18/19 (window_index=17) | start
[2026-07-06 23:59:54] [record 18/30] question_id=single-session-preference/1da05512 | window 18/19 | attempt 1/5
[2026-07-07 00:00:18] [record 18/30] question_id=single-session-preference/1da05512 | window 18/19 | done ok=True memories=11 elapsed=24.46s
[2026-07-07 00:00:18] [record 18/30] question_id=single-session-preference/1da05512 | window 19/19 (window_index=18) | start
[2026-07-07 00:00:18] [record 18/30] question_id=single-session-preference/1da05512 | window 19/19 | attempt 1/5
[2026-07-07 00:02:01] [record 18/30] question_id=single-session-preference/1da05512 | window 19/19 | done ok=True memories=8 elapsed=103.07s
[2026-07-07 00:02:01] [record 18/30] question_id=single-session-preference/1da05512 | finished | ok_windows=19/19 | total_memories=166
[2026-07-07 00:02:01] [record 18/30] question_id=single-session-preference/1da05512 | record done | done=18/30 failed=0 skipped=0
[2026-07-07 00:02:01] [record 19/30] question_id=single-session-user/726462e0 | start | done=18 failed=0 skipped=0
[2026-07-07 00:02:01] [record 19/30] question_id=single-session-user/726462e0 | windows=21 | start extraction
[2026-07-07 00:02:01] [record 19/30] question_id=single-session-user/726462e0 | window 1/21 (window_index=0) | start
[2026-07-07 00:02:01] [record 19/30] question_id=single-session-user/726462e0 | window 1/21 | attempt 1/5
[2026-07-07 00:02:35] [record 19/30] question_id=single-session-user/726462e0 | window 1/21 | done ok=True memories=6 elapsed=34.04s
[2026-07-07 00:02:35] [record 19/30] question_id=single-session-user/726462e0 | window 2/21 (window_index=1) | start
[2026-07-07 00:02:35] [record 19/30] question_id=single-session-user/726462e0 | window 2/21 | attempt 1/5
[2026-07-07 00:03:06] [record 19/30] question_id=single-session-user/726462e0 | window 2/21 | done ok=True memories=16 elapsed=31.27s
[2026-07-07 00:03:06] [record 19/30] question_id=single-session-user/726462e0 | window 3/21 (window_index=2) | start
[2026-07-07 00:03:06] [record 19/30] question_id=single-session-user/726462e0 | window 3/21 | attempt 1/5
[2026-07-07 00:03:43] [record 19/30] question_id=single-session-user/726462e0 | window 3/21 | done ok=True memories=20 elapsed=36.59s
[2026-07-07 00:03:43] [record 19/30] question_id=single-session-user/726462e0 | window 4/21 (window_index=3) | start
[2026-07-07 00:03:43] [record 19/30] question_id=single-session-user/726462e0 | window 4/21 | attempt 1/5
[2026-07-07 00:04:04] [record 19/30] question_id=single-session-user/726462e0 | window 4/21 | done ok=True memories=5 elapsed=20.82s
[2026-07-07 00:04:04] [record 19/30] question_id=single-session-user/726462e0 | window 5/21 (window_index=4) | start
[2026-07-07 00:04:04] [record 19/30] question_id=single-session-user/726462e0 | window 5/21 | attempt 1/5
[2026-07-07 00:04:28] [record 19/30] question_id=single-session-user/726462e0 | window 5/21 | done ok=True memories=9 elapsed=23.85s
[2026-07-07 00:04:28] [record 19/30] question_id=single-session-user/726462e0 | window 6/21 (window_index=5) | start
[2026-07-07 00:04:28] [record 19/30] question_id=single-session-user/726462e0 | window 6/21 | attempt 1/5
[2026-07-07 00:05:17] [record 19/30] question_id=single-session-user/726462e0 | window 6/21 | done ok=True memories=15 elapsed=49.04s
[2026-07-07 00:05:17] [record 19/30] question_id=single-session-user/726462e0 | window 7/21 (window_index=6) | start
[2026-07-07 00:05:17] [record 19/30] question_id=single-session-user/726462e0 | window 7/21 | attempt 1/5
[2026-07-07 00:05:47] [record 19/30] question_id=single-session-user/726462e0 | window 7/21 | done ok=True memories=7 elapsed=30.71s
[2026-07-07 00:05:47] [record 19/30] question_id=single-session-user/726462e0 | window 8/21 (window_index=7) | start
[2026-07-07 00:05:47] [record 19/30] question_id=single-session-user/726462e0 | window 8/21 | attempt 1/5
[2026-07-07 00:06:12] [record 19/30] question_id=single-session-user/726462e0 | window 8/21 | done ok=True memories=7 elapsed=24.17s
[2026-07-07 00:06:12] [record 19/30] question_id=single-session-user/726462e0 | window 9/21 (window_index=8) | start
[2026-07-07 00:06:12] [record 19/30] question_id=single-session-user/726462e0 | window 9/21 | attempt 1/5
[2026-07-07 00:06:51] [record 19/30] question_id=single-session-user/726462e0 | window 9/21 | done ok=True memories=8 elapsed=39.50s
[2026-07-07 00:06:51] [record 19/30] question_id=single-session-user/726462e0 | window 10/21 (window_index=9) | start
[2026-07-07 00:06:51] [record 19/30] question_id=single-session-user/726462e0 | window 10/21 | attempt 1/5
[2026-07-07 00:07:20] [record 19/30] question_id=single-session-user/726462e0 | window 10/21 | done ok=True memories=4 elapsed=28.50s
[2026-07-07 00:07:20] [record 19/30] question_id=single-session-user/726462e0 | window 11/21 (window_index=10) | start
[2026-07-07 00:07:20] [record 19/30] question_id=single-session-user/726462e0 | window 11/21 | attempt 1/5
[2026-07-07 00:07:43] [record 19/30] question_id=single-session-user/726462e0 | window 11/21 | done ok=True memories=11 elapsed=23.25s
[2026-07-07 00:07:43] [record 19/30] question_id=single-session-user/726462e0 | window 12/21 (window_index=11) | start
[2026-07-07 00:07:43] [record 19/30] question_id=single-session-user/726462e0 | window 12/21 | attempt 1/5
[2026-07-07 00:08:05] [record 19/30] question_id=single-session-user/726462e0 | window 12/21 | done ok=True memories=5 elapsed=22.36s
[2026-07-07 00:08:05] [record 19/30] question_id=single-session-user/726462e0 | window 13/21 (window_index=12) | start
[2026-07-07 00:08:05] [record 19/30] question_id=single-session-user/726462e0 | window 13/21 | attempt 1/5
[2026-07-07 00:08:24] [record 19/30] question_id=single-session-user/726462e0 | window 13/21 | done ok=True memories=2 elapsed=19.18s
[2026-07-07 00:08:24] [record 19/30] question_id=single-session-user/726462e0 | window 14/21 (window_index=13) | start
[2026-07-07 00:08:24] [record 19/30] question_id=single-session-user/726462e0 | window 14/21 | attempt 1/5
[2026-07-07 00:09:00] [record 19/30] question_id=single-session-user/726462e0 | window 14/21 | done ok=True memories=9 elapsed=35.53s
[2026-07-07 00:09:00] [record 19/30] question_id=single-session-user/726462e0 | window 15/21 (window_index=14) | start
[2026-07-07 00:09:00] [record 19/30] question_id=single-session-user/726462e0 | window 15/21 | attempt 1/5
[2026-07-07 00:09:55] [record 19/30] question_id=single-session-user/726462e0 | window 15/21 | done ok=True memories=19 elapsed=54.56s
[2026-07-07 00:09:55] [record 19/30] question_id=single-session-user/726462e0 | window 16/21 (window_index=15) | start
[2026-07-07 00:09:55] [record 19/30] question_id=single-session-user/726462e0 | window 16/21 | attempt 1/5
[2026-07-07 00:10:26] [record 19/30] question_id=single-session-user/726462e0 | window 16/21 | done ok=True memories=13 elapsed=31.66s
[2026-07-07 00:10:26] [record 19/30] question_id=single-session-user/726462e0 | window 17/21 (window_index=16) | start
[2026-07-07 00:10:26] [record 19/30] question_id=single-session-user/726462e0 | window 17/21 | attempt 1/5
[2026-07-07 00:10:48] [record 19/30] question_id=single-session-user/726462e0 | window 17/21 | done ok=True memories=7 elapsed=21.64s
[2026-07-07 00:10:48] [record 19/30] question_id=single-session-user/726462e0 | window 18/21 (window_index=17) | start
[2026-07-07 00:10:48] [record 19/30] question_id=single-session-user/726462e0 | window 18/21 | attempt 1/5
[2026-07-07 00:11:29] [record 19/30] question_id=single-session-user/726462e0 | window 18/21 | done ok=True memories=10 elapsed=41.42s
[2026-07-07 00:11:29] [record 19/30] question_id=single-session-user/726462e0 | window 19/21 (window_index=18) | start
[2026-07-07 00:11:29] [record 19/30] question_id=single-session-user/726462e0 | window 19/21 | attempt 1/5
[2026-07-07 00:12:13] [record 19/30] question_id=single-session-user/726462e0 | window 19/21 | done ok=True memories=9 elapsed=43.38s
[2026-07-07 00:12:13] [record 19/30] question_id=single-session-user/726462e0 | window 20/21 (window_index=19) | start
[2026-07-07 00:12:13] [record 19/30] question_id=single-session-user/726462e0 | window 20/21 | attempt 1/5
[2026-07-07 00:12:34] [record 19/30] question_id=single-session-user/726462e0 | window 20/21 | done ok=True memories=7 elapsed=21.29s
[2026-07-07 00:12:34] [record 19/30] question_id=single-session-user/726462e0 | window 21/21 (window_index=20) | start
[2026-07-07 00:12:34] [record 19/30] question_id=single-session-user/726462e0 | window 21/21 | attempt 1/5
[2026-07-07 00:12:36] [record 19/30] question_id=single-session-user/726462e0 | window 21/21 | done ok=True memories=0 elapsed=2.11s
[2026-07-07 00:12:36] [record 19/30] question_id=single-session-user/726462e0 | finished | ok_windows=21/21 | total_memories=189
[2026-07-07 00:12:36] [record 19/30] question_id=single-session-user/726462e0 | record done | done=19/30 failed=0 skipped=0
[2026-07-07 00:12:36] [record 20/30] question_id=single-session-user/58bf7951 | start | done=19 failed=0 skipped=0
[2026-07-07 00:12:36] [record 20/30] question_id=single-session-user/58bf7951 | windows=26 | start extraction
[2026-07-07 00:12:36] [record 20/30] question_id=single-session-user/58bf7951 | window 1/26 (window_index=0) | start
[2026-07-07 00:12:36] [record 20/30] question_id=single-session-user/58bf7951 | window 1/26 | attempt 1/5
[2026-07-07 00:13:17] [record 20/30] question_id=single-session-user/58bf7951 | window 1/26 | done ok=True memories=11 elapsed=41.01s
[2026-07-07 00:13:17] [record 20/30] question_id=single-session-user/58bf7951 | window 2/26 (window_index=1) | start
[2026-07-07 00:13:17] [record 20/30] question_id=single-session-user/58bf7951 | window 2/26 | attempt 1/5
[2026-07-07 00:13:50] [record 20/30] question_id=single-session-user/58bf7951 | window 2/26 | done ok=True memories=7 elapsed=32.93s
[2026-07-07 00:13:50] [record 20/30] question_id=single-session-user/58bf7951 | window 3/26 (window_index=2) | start
[2026-07-07 00:13:50] [record 20/30] question_id=single-session-user/58bf7951 | window 3/26 | attempt 1/5
[2026-07-07 00:14:05] [record 20/30] question_id=single-session-user/58bf7951 | window 3/26 | done ok=True memories=3 elapsed=14.66s
[2026-07-07 00:14:05] [record 20/30] question_id=single-session-user/58bf7951 | window 4/26 (window_index=3) | start
[2026-07-07 00:14:05] [record 20/30] question_id=single-session-user/58bf7951 | window 4/26 | attempt 1/5
[2026-07-07 00:14:26] [record 20/30] question_id=single-session-user/58bf7951 | window 4/26 | done ok=True memories=9 elapsed=21.35s
[2026-07-07 00:14:26] [record 20/30] question_id=single-session-user/58bf7951 | window 5/26 (window_index=4) | start
[2026-07-07 00:14:26] [record 20/30] question_id=single-session-user/58bf7951 | window 5/26 | attempt 1/5
[2026-07-07 00:15:15] [record 20/30] question_id=single-session-user/58bf7951 | window 5/26 | done ok=True memories=10 elapsed=48.80s
[2026-07-07 00:15:15] [record 20/30] question_id=single-session-user/58bf7951 | window 6/26 (window_index=5) | start
[2026-07-07 00:15:15] [record 20/30] question_id=single-session-user/58bf7951 | window 6/26 | attempt 1/5
[2026-07-07 00:15:40] [record 20/30] question_id=single-session-user/58bf7951 | window 6/26 | done ok=True memories=6 elapsed=25.44s
[2026-07-07 00:15:40] [record 20/30] question_id=single-session-user/58bf7951 | window 7/26 (window_index=6) | start
[2026-07-07 00:15:40] [record 20/30] question_id=single-session-user/58bf7951 | window 7/26 | attempt 1/5
[2026-07-07 00:16:07] [record 20/30] question_id=single-session-user/58bf7951 | window 7/26 | done ok=True memories=7 elapsed=27.13s
[2026-07-07 00:16:07] [record 20/30] question_id=single-session-user/58bf7951 | window 8/26 (window_index=7) | start
[2026-07-07 00:16:07] [record 20/30] question_id=single-session-user/58bf7951 | window 8/26 | attempt 1/5
[2026-07-07 00:16:29] [record 20/30] question_id=single-session-user/58bf7951 | window 8/26 | done ok=True memories=6 elapsed=21.42s
[2026-07-07 00:16:29] [record 20/30] question_id=single-session-user/58bf7951 | window 9/26 (window_index=8) | start
[2026-07-07 00:16:29] [record 20/30] question_id=single-session-user/58bf7951 | window 9/26 | attempt 1/5
[2026-07-07 00:17:06] [record 20/30] question_id=single-session-user/58bf7951 | window 9/26 | done ok=True memories=7 elapsed=37.25s
[2026-07-07 00:17:06] [record 20/30] question_id=single-session-user/58bf7951 | window 10/26 (window_index=9) | start
[2026-07-07 00:17:06] [record 20/30] question_id=single-session-user/58bf7951 | window 10/26 | attempt 1/5
[2026-07-07 00:17:34] [record 20/30] question_id=single-session-user/58bf7951 | window 10/26 | done ok=True memories=6 elapsed=28.35s
[2026-07-07 00:17:34] [record 20/30] question_id=single-session-user/58bf7951 | window 11/26 (window_index=10) | start
[2026-07-07 00:17:34] [record 20/30] question_id=single-session-user/58bf7951 | window 11/26 | attempt 1/5
[2026-07-07 00:18:03] [record 20/30] question_id=single-session-user/58bf7951 | window 11/26 | done ok=True memories=6 elapsed=28.70s
[2026-07-07 00:18:03] [record 20/30] question_id=single-session-user/58bf7951 | window 12/26 (window_index=11) | start
[2026-07-07 00:18:03] [record 20/30] question_id=single-session-user/58bf7951 | window 12/26 | attempt 1/5
[2026-07-07 00:18:33] [record 20/30] question_id=single-session-user/58bf7951 | window 12/26 | done ok=True memories=10 elapsed=29.60s
[2026-07-07 00:18:33] [record 20/30] question_id=single-session-user/58bf7951 | window 13/26 (window_index=12) | start
[2026-07-07 00:18:33] [record 20/30] question_id=single-session-user/58bf7951 | window 13/26 | attempt 1/5
[2026-07-07 00:18:45] [record 20/30] question_id=single-session-user/58bf7951 | window 13/26 | done ok=True memories=6 elapsed=12.46s
[2026-07-07 00:18:45] [record 20/30] question_id=single-session-user/58bf7951 | window 14/26 (window_index=13) | start
[2026-07-07 00:18:45] [record 20/30] question_id=single-session-user/58bf7951 | window 14/26 | attempt 1/5
[2026-07-07 00:19:06] [record 20/30] question_id=single-session-user/58bf7951 | window 14/26 | done ok=True memories=9 elapsed=21.17s
[2026-07-07 00:19:06] [record 20/30] question_id=single-session-user/58bf7951 | window 15/26 (window_index=14) | start
[2026-07-07 00:19:06] [record 20/30] question_id=single-session-user/58bf7951 | window 15/26 | attempt 1/5
[2026-07-07 00:19:31] [record 20/30] question_id=single-session-user/58bf7951 | window 15/26 | done ok=True memories=5 elapsed=24.21s
[2026-07-07 00:19:31] [record 20/30] question_id=single-session-user/58bf7951 | window 16/26 (window_index=15) | start
[2026-07-07 00:19:31] [record 20/30] question_id=single-session-user/58bf7951 | window 16/26 | attempt 1/5
[2026-07-07 00:19:49] [record 20/30] question_id=single-session-user/58bf7951 | window 16/26 | done ok=True memories=3 elapsed=18.44s
[2026-07-07 00:19:49] [record 20/30] question_id=single-session-user/58bf7951 | window 17/26 (window_index=16) | start
[2026-07-07 00:19:49] [record 20/30] question_id=single-session-user/58bf7951 | window 17/26 | attempt 1/5
[2026-07-07 00:20:03] [record 20/30] question_id=single-session-user/58bf7951 | window 17/26 | done ok=True memories=2 elapsed=13.53s
[2026-07-07 00:20:03] [record 20/30] question_id=single-session-user/58bf7951 | window 18/26 (window_index=17) | start
[2026-07-07 00:20:03] [record 20/30] question_id=single-session-user/58bf7951 | window 18/26 | attempt 1/5
[2026-07-07 00:20:21] [record 20/30] question_id=single-session-user/58bf7951 | window 18/26 | done ok=True memories=6 elapsed=18.77s
[2026-07-07 00:20:21] [record 20/30] question_id=single-session-user/58bf7951 | window 19/26 (window_index=18) | start
[2026-07-07 00:20:21] [record 20/30] question_id=single-session-user/58bf7951 | window 19/26 | attempt 1/5
[2026-07-07 00:20:46] [record 20/30] question_id=single-session-user/58bf7951 | window 19/26 | done ok=True memories=5 elapsed=24.50s
[2026-07-07 00:20:46] [record 20/30] question_id=single-session-user/58bf7951 | window 20/26 (window_index=19) | start
[2026-07-07 00:20:46] [record 20/30] question_id=single-session-user/58bf7951 | window 20/26 | attempt 1/5
[2026-07-07 00:21:17] [record 20/30] question_id=single-session-user/58bf7951 | window 20/26 | done ok=True memories=12 elapsed=31.15s
[2026-07-07 00:21:17] [record 20/30] question_id=single-session-user/58bf7951 | window 21/26 (window_index=20) | start
[2026-07-07 00:21:17] [record 20/30] question_id=single-session-user/58bf7951 | window 21/26 | attempt 1/5
[2026-07-07 00:21:47] [record 20/30] question_id=single-session-user/58bf7951 | window 21/26 | done ok=True memories=6 elapsed=30.20s
[2026-07-07 00:21:47] [record 20/30] question_id=single-session-user/58bf7951 | window 22/26 (window_index=21) | start
[2026-07-07 00:21:47] [record 20/30] question_id=single-session-user/58bf7951 | window 22/26 | attempt 1/5
[2026-07-07 00:21:59] [record 20/30] question_id=single-session-user/58bf7951 | window 22/26 | done ok=True memories=1 elapsed=11.88s
[2026-07-07 00:21:59] [record 20/30] question_id=single-session-user/58bf7951 | window 23/26 (window_index=22) | start
[2026-07-07 00:21:59] [record 20/30] question_id=single-session-user/58bf7951 | window 23/26 | attempt 1/5
[2026-07-07 00:22:13] [record 20/30] question_id=single-session-user/58bf7951 | window 23/26 | done ok=True memories=0 elapsed=13.99s
[2026-07-07 00:22:13] [record 20/30] question_id=single-session-user/58bf7951 | window 24/26 (window_index=23) | start
[2026-07-07 00:22:13] [record 20/30] question_id=single-session-user/58bf7951 | window 24/26 | attempt 1/5
[2026-07-07 00:22:46] [record 20/30] question_id=single-session-user/58bf7951 | window 24/26 | done ok=True memories=2 elapsed=33.38s
[2026-07-07 00:22:46] [record 20/30] question_id=single-session-user/58bf7951 | window 25/26 (window_index=24) | start
[2026-07-07 00:22:46] [record 20/30] question_id=single-session-user/58bf7951 | window 25/26 | attempt 1/5
[2026-07-07 00:23:17] [record 20/30] question_id=single-session-user/58bf7951 | window 25/26 | done ok=True memories=10 elapsed=30.34s
[2026-07-07 00:23:17] [record 20/30] question_id=single-session-user/58bf7951 | window 26/26 (window_index=25) | start
[2026-07-07 00:23:17] [record 20/30] question_id=single-session-user/58bf7951 | window 26/26 | attempt 1/5
[2026-07-07 00:23:38] [record 20/30] question_id=single-session-user/58bf7951 | window 26/26 | done ok=True memories=2 elapsed=21.46s
[2026-07-07 00:23:38] [record 20/30] question_id=single-session-user/58bf7951 | finished | ok_windows=26/26 | total_memories=157
[2026-07-07 00:23:38] [record 20/30] question_id=single-session-user/58bf7951 | record done | done=20/30 failed=0 skipped=0
[2026-07-07 00:23:38] [record 21/30] question_id=single-session-user/60d45044 | start | done=20 failed=0 skipped=0
[2026-07-07 00:23:38] [record 21/30] question_id=single-session-user/60d45044 | windows=23 | start extraction
[2026-07-07 00:23:38] [record 21/30] question_id=single-session-user/60d45044 | window 1/23 (window_index=0) | start
[2026-07-07 00:23:38] [record 21/30] question_id=single-session-user/60d45044 | window 1/23 | attempt 1/5
[2026-07-07 00:24:12] [record 21/30] question_id=single-session-user/60d45044 | window 1/23 | done ok=True memories=10 elapsed=33.49s
[2026-07-07 00:24:12] [record 21/30] question_id=single-session-user/60d45044 | window 2/23 (window_index=1) | start
[2026-07-07 00:24:12] [record 21/30] question_id=single-session-user/60d45044 | window 2/23 | attempt 1/5
[2026-07-07 00:24:30] [record 21/30] question_id=single-session-user/60d45044 | window 2/23 | done ok=True memories=11 elapsed=18.73s
[2026-07-07 00:24:30] [record 21/30] question_id=single-session-user/60d45044 | window 3/23 (window_index=2) | start
[2026-07-07 00:24:30] [record 21/30] question_id=single-session-user/60d45044 | window 3/23 | attempt 1/5
[2026-07-07 00:24:54] [record 21/30] question_id=single-session-user/60d45044 | window 3/23 | done ok=True memories=5 elapsed=23.43s
[2026-07-07 00:24:54] [record 21/30] question_id=single-session-user/60d45044 | window 4/23 (window_index=3) | start
[2026-07-07 00:24:54] [record 21/30] question_id=single-session-user/60d45044 | window 4/23 | attempt 1/5
[2026-07-07 00:25:25] [record 21/30] question_id=single-session-user/60d45044 | window 4/23 | done ok=True memories=9 elapsed=30.80s
[2026-07-07 00:25:25] [record 21/30] question_id=single-session-user/60d45044 | window 5/23 (window_index=4) | start
[2026-07-07 00:25:25] [record 21/30] question_id=single-session-user/60d45044 | window 5/23 | attempt 1/5
[2026-07-07 00:25:59] [record 21/30] question_id=single-session-user/60d45044 | window 5/23 | done ok=True memories=12 elapsed=34.42s
[2026-07-07 00:25:59] [record 21/30] question_id=single-session-user/60d45044 | window 6/23 (window_index=5) | start
[2026-07-07 00:25:59] [record 21/30] question_id=single-session-user/60d45044 | window 6/23 | attempt 1/5
[2026-07-07 00:26:35] [record 21/30] question_id=single-session-user/60d45044 | window 6/23 | done ok=True memories=6 elapsed=36.09s
[2026-07-07 00:26:35] [record 21/30] question_id=single-session-user/60d45044 | window 7/23 (window_index=6) | start
[2026-07-07 00:26:35] [record 21/30] question_id=single-session-user/60d45044 | window 7/23 | attempt 1/5
[2026-07-07 00:27:17] [record 21/30] question_id=single-session-user/60d45044 | window 7/23 | done ok=True memories=4 elapsed=41.48s
[2026-07-07 00:27:17] [record 21/30] question_id=single-session-user/60d45044 | window 8/23 (window_index=7) | start
[2026-07-07 00:27:17] [record 21/30] question_id=single-session-user/60d45044 | window 8/23 | attempt 1/5
[2026-07-07 00:27:47] [record 21/30] question_id=single-session-user/60d45044 | window 8/23 | done ok=True memories=11 elapsed=30.67s
[2026-07-07 00:27:47] [record 21/30] question_id=single-session-user/60d45044 | window 9/23 (window_index=8) | start
[2026-07-07 00:27:47] [record 21/30] question_id=single-session-user/60d45044 | window 9/23 | attempt 1/5
[2026-07-07 00:28:18] [record 21/30] question_id=single-session-user/60d45044 | window 9/23 | done ok=True memories=4 elapsed=30.26s
[2026-07-07 00:28:18] [record 21/30] question_id=single-session-user/60d45044 | window 10/23 (window_index=9) | start
[2026-07-07 00:28:18] [record 21/30] question_id=single-session-user/60d45044 | window 10/23 | attempt 1/5
[2026-07-07 00:28:43] [record 21/30] question_id=single-session-user/60d45044 | window 10/23 | done ok=True memories=5 elapsed=25.72s
[2026-07-07 00:28:43] [record 21/30] question_id=single-session-user/60d45044 | window 11/23 (window_index=10) | start
[2026-07-07 00:28:43] [record 21/30] question_id=single-session-user/60d45044 | window 11/23 | attempt 1/5
[2026-07-07 00:29:08] [record 21/30] question_id=single-session-user/60d45044 | window 11/23 | done ok=True memories=5 elapsed=24.83s
[2026-07-07 00:29:08] [record 21/30] question_id=single-session-user/60d45044 | window 12/23 (window_index=11) | start
[2026-07-07 00:29:08] [record 21/30] question_id=single-session-user/60d45044 | window 12/23 | attempt 1/5
[2026-07-07 00:29:43] [record 21/30] question_id=single-session-user/60d45044 | window 12/23 | done ok=True memories=11 elapsed=34.46s
[2026-07-07 00:29:43] [record 21/30] question_id=single-session-user/60d45044 | window 13/23 (window_index=12) | start
[2026-07-07 00:29:43] [record 21/30] question_id=single-session-user/60d45044 | window 13/23 | attempt 1/5
[2026-07-07 00:29:59] [record 21/30] question_id=single-session-user/60d45044 | window 13/23 | done ok=True memories=3 elapsed=15.91s
[2026-07-07 00:29:59] [record 21/30] question_id=single-session-user/60d45044 | window 14/23 (window_index=13) | start
[2026-07-07 00:29:59] [record 21/30] question_id=single-session-user/60d45044 | window 14/23 | attempt 1/5
[2026-07-07 00:30:14] [record 21/30] question_id=single-session-user/60d45044 | window 14/23 | done ok=True memories=2 elapsed=15.18s
[2026-07-07 00:30:14] [record 21/30] question_id=single-session-user/60d45044 | window 15/23 (window_index=14) | start
[2026-07-07 00:30:14] [record 21/30] question_id=single-session-user/60d45044 | window 15/23 | attempt 1/5
[2026-07-07 00:30:48] [record 21/30] question_id=single-session-user/60d45044 | window 15/23 | done ok=True memories=8 elapsed=34.72s
[2026-07-07 00:30:48] [record 21/30] question_id=single-session-user/60d45044 | window 16/23 (window_index=15) | start
[2026-07-07 00:30:48] [record 21/30] question_id=single-session-user/60d45044 | window 16/23 | attempt 1/5
[2026-07-07 00:31:31] [record 21/30] question_id=single-session-user/60d45044 | window 16/23 | done ok=True memories=14 elapsed=42.96s
[2026-07-07 00:31:31] [record 21/30] question_id=single-session-user/60d45044 | window 17/23 (window_index=16) | start
[2026-07-07 00:31:31] [record 21/30] question_id=single-session-user/60d45044 | window 17/23 | attempt 1/5
[2026-07-07 00:32:07] [record 21/30] question_id=single-session-user/60d45044 | window 17/23 | done ok=True memories=6 elapsed=35.85s
[2026-07-07 00:32:07] [record 21/30] question_id=single-session-user/60d45044 | window 18/23 (window_index=17) | start
[2026-07-07 00:32:07] [record 21/30] question_id=single-session-user/60d45044 | window 18/23 | attempt 1/5
[2026-07-07 00:32:32] [record 21/30] question_id=single-session-user/60d45044 | window 18/23 | done ok=True memories=8 elapsed=24.59s
[2026-07-07 00:32:32] [record 21/30] question_id=single-session-user/60d45044 | window 19/23 (window_index=18) | start
[2026-07-07 00:32:32] [record 21/30] question_id=single-session-user/60d45044 | window 19/23 | attempt 1/5
[2026-07-07 00:32:55] [record 21/30] question_id=single-session-user/60d45044 | window 19/23 | done ok=True memories=5 elapsed=23.12s
[2026-07-07 00:32:55] [record 21/30] question_id=single-session-user/60d45044 | window 20/23 (window_index=19) | start
[2026-07-07 00:32:55] [record 21/30] question_id=single-session-user/60d45044 | window 20/23 | attempt 1/5
[2026-07-07 00:33:15] [record 21/30] question_id=single-session-user/60d45044 | window 20/23 | done ok=True memories=6 elapsed=20.25s
[2026-07-07 00:33:15] [record 21/30] question_id=single-session-user/60d45044 | window 21/23 (window_index=20) | start
[2026-07-07 00:33:15] [record 21/30] question_id=single-session-user/60d45044 | window 21/23 | attempt 1/5
[2026-07-07 00:33:54] [record 21/30] question_id=single-session-user/60d45044 | window 21/23 | done ok=True memories=6 elapsed=39.00s
[2026-07-07 00:33:54] [record 21/30] question_id=single-session-user/60d45044 | window 22/23 (window_index=21) | start
[2026-07-07 00:33:54] [record 21/30] question_id=single-session-user/60d45044 | window 22/23 | attempt 1/5
[2026-07-07 00:34:15] [record 21/30] question_id=single-session-user/60d45044 | window 22/23 | done ok=True memories=5 elapsed=20.84s
[2026-07-07 00:34:15] [record 21/30] question_id=single-session-user/60d45044 | window 23/23 (window_index=22) | start
[2026-07-07 00:34:15] [record 21/30] question_id=single-session-user/60d45044 | window 23/23 | attempt 1/5
[2026-07-07 00:34:22] [record 21/30] question_id=single-session-user/60d45044 | window 23/23 | done ok=True memories=1 elapsed=7.17s
[2026-07-07 00:34:22] [record 21/30] question_id=single-session-user/60d45044 | finished | ok_windows=23/23 | total_memories=157
[2026-07-07 00:34:22] [record 21/30] question_id=single-session-user/60d45044 | record done | done=21/30 failed=0 skipped=0
[2026-07-07 00:34:22] [record 22/30] question_id=single-session-user/d52b4f67 | start | done=21 failed=0 skipped=0
[2026-07-07 00:34:22] [record 22/30] question_id=single-session-user/d52b4f67 | windows=20 | start extraction
[2026-07-07 00:34:22] [record 22/30] question_id=single-session-user/d52b4f67 | window 1/20 (window_index=0) | start
[2026-07-07 00:34:22] [record 22/30] question_id=single-session-user/d52b4f67 | window 1/20 | attempt 1/5
[2026-07-07 00:35:24] [record 22/30] question_id=single-session-user/d52b4f67 | window 1/20 | done ok=True memories=17 elapsed=62.15s
[2026-07-07 00:35:24] [record 22/30] question_id=single-session-user/d52b4f67 | window 2/20 (window_index=1) | start
[2026-07-07 00:35:24] [record 22/30] question_id=single-session-user/d52b4f67 | window 2/20 | attempt 1/5
[2026-07-07 00:36:03] [record 22/30] question_id=single-session-user/d52b4f67 | window 2/20 | done ok=True memories=4 elapsed=38.93s
[2026-07-07 00:36:03] [record 22/30] question_id=single-session-user/d52b4f67 | window 3/20 (window_index=2) | start
[2026-07-07 00:36:03] [record 22/30] question_id=single-session-user/d52b4f67 | window 3/20 | attempt 1/5
[2026-07-07 00:36:56] [record 22/30] question_id=single-session-user/d52b4f67 | window 3/20 | done ok=True memories=7 elapsed=52.40s
[2026-07-07 00:36:56] [record 22/30] question_id=single-session-user/d52b4f67 | window 4/20 (window_index=3) | start
[2026-07-07 00:36:56] [record 22/30] question_id=single-session-user/d52b4f67 | window 4/20 | attempt 1/5
[2026-07-07 00:37:30] [record 22/30] question_id=single-session-user/d52b4f67 | window 4/20 | done ok=True memories=7 elapsed=34.69s
[2026-07-07 00:37:30] [record 22/30] question_id=single-session-user/d52b4f67 | window 5/20 (window_index=4) | start
[2026-07-07 00:37:30] [record 22/30] question_id=single-session-user/d52b4f67 | window 5/20 | attempt 1/5
[2026-07-07 00:38:09] [record 22/30] question_id=single-session-user/d52b4f67 | window 5/20 | done ok=True memories=9 elapsed=38.24s
[2026-07-07 00:38:09] [record 22/30] question_id=single-session-user/d52b4f67 | window 6/20 (window_index=5) | start
[2026-07-07 00:38:09] [record 22/30] question_id=single-session-user/d52b4f67 | window 6/20 | attempt 1/5
[2026-07-07 00:38:24] [record 22/30] question_id=single-session-user/d52b4f67 | window 6/20 | done ok=True memories=3 elapsed=15.35s
[2026-07-07 00:38:24] [record 22/30] question_id=single-session-user/d52b4f67 | window 7/20 (window_index=6) | start
[2026-07-07 00:38:24] [record 22/30] question_id=single-session-user/d52b4f67 | window 7/20 | attempt 1/5
[2026-07-07 00:38:47] [record 22/30] question_id=single-session-user/d52b4f67 | window 7/20 | done ok=True memories=3 elapsed=22.89s
[2026-07-07 00:38:47] [record 22/30] question_id=single-session-user/d52b4f67 | window 8/20 (window_index=7) | start
[2026-07-07 00:38:47] [record 22/30] question_id=single-session-user/d52b4f67 | window 8/20 | attempt 1/5
[2026-07-07 00:39:27] [record 22/30] question_id=single-session-user/d52b4f67 | window 8/20 | done ok=True memories=9 elapsed=39.77s
[2026-07-07 00:39:27] [record 22/30] question_id=single-session-user/d52b4f67 | window 9/20 (window_index=8) | start
[2026-07-07 00:39:27] [record 22/30] question_id=single-session-user/d52b4f67 | window 9/20 | attempt 1/5
[2026-07-07 00:40:03] [record 22/30] question_id=single-session-user/d52b4f67 | window 9/20 | done ok=True memories=15 elapsed=36.63s
[2026-07-07 00:40:03] [record 22/30] question_id=single-session-user/d52b4f67 | window 10/20 (window_index=9) | start
[2026-07-07 00:40:03] [record 22/30] question_id=single-session-user/d52b4f67 | window 10/20 | attempt 1/5
[2026-07-07 00:40:25] [record 22/30] question_id=single-session-user/d52b4f67 | window 10/20 | done ok=True memories=4 elapsed=21.35s
[2026-07-07 00:40:25] [record 22/30] question_id=single-session-user/d52b4f67 | window 11/20 (window_index=10) | start
[2026-07-07 00:40:25] [record 22/30] question_id=single-session-user/d52b4f67 | window 11/20 | attempt 1/5
[2026-07-07 00:41:02] [record 22/30] question_id=single-session-user/d52b4f67 | window 11/20 | done ok=True memories=7 elapsed=37.39s
[2026-07-07 00:41:02] [record 22/30] question_id=single-session-user/d52b4f67 | window 12/20 (window_index=11) | start
[2026-07-07 00:41:02] [record 22/30] question_id=single-session-user/d52b4f67 | window 12/20 | attempt 1/5
[2026-07-07 00:41:35] [record 22/30] question_id=single-session-user/d52b4f67 | window 12/20 | done ok=True memories=11 elapsed=33.12s
[2026-07-07 00:41:35] [record 22/30] question_id=single-session-user/d52b4f67 | window 13/20 (window_index=12) | start
[2026-07-07 00:41:35] [record 22/30] question_id=single-session-user/d52b4f67 | window 13/20 | attempt 1/5
[2026-07-07 00:42:10] [record 22/30] question_id=single-session-user/d52b4f67 | window 13/20 | done ok=True memories=3 elapsed=34.46s
[2026-07-07 00:42:10] [record 22/30] question_id=single-session-user/d52b4f67 | window 14/20 (window_index=13) | start
[2026-07-07 00:42:10] [record 22/30] question_id=single-session-user/d52b4f67 | window 14/20 | attempt 1/5
[2026-07-07 00:42:51] [record 22/30] question_id=single-session-user/d52b4f67 | window 14/20 | done ok=True memories=7 elapsed=41.43s
[2026-07-07 00:42:51] [record 22/30] question_id=single-session-user/d52b4f67 | window 15/20 (window_index=14) | start
[2026-07-07 00:42:51] [record 22/30] question_id=single-session-user/d52b4f67 | window 15/20 | attempt 1/5
[2026-07-07 00:43:18] [record 22/30] question_id=single-session-user/d52b4f67 | window 15/20 | done ok=True memories=6 elapsed=26.57s
[2026-07-07 00:43:18] [record 22/30] question_id=single-session-user/d52b4f67 | window 16/20 (window_index=15) | start
[2026-07-07 00:43:18] [record 22/30] question_id=single-session-user/d52b4f67 | window 16/20 | attempt 1/5
[2026-07-07 00:43:43] [record 22/30] question_id=single-session-user/d52b4f67 | window 16/20 | done ok=True memories=6 elapsed=25.56s
[2026-07-07 00:43:43] [record 22/30] question_id=single-session-user/d52b4f67 | window 17/20 (window_index=16) | start
[2026-07-07 00:43:43] [record 22/30] question_id=single-session-user/d52b4f67 | window 17/20 | attempt 1/5
[2026-07-07 00:44:08] [record 22/30] question_id=single-session-user/d52b4f67 | window 17/20 | done ok=True memories=6 elapsed=24.30s
[2026-07-07 00:44:08] [record 22/30] question_id=single-session-user/d52b4f67 | window 18/20 (window_index=17) | start
[2026-07-07 00:44:08] [record 22/30] question_id=single-session-user/d52b4f67 | window 18/20 | attempt 1/5
[2026-07-07 00:45:02] [record 22/30] question_id=single-session-user/d52b4f67 | window 18/20 | done ok=True memories=18 elapsed=54.38s
[2026-07-07 00:45:02] [record 22/30] question_id=single-session-user/d52b4f67 | window 19/20 (window_index=18) | start
[2026-07-07 00:45:02] [record 22/30] question_id=single-session-user/d52b4f67 | window 19/20 | attempt 1/5
[2026-07-07 00:45:23] [record 22/30] question_id=single-session-user/d52b4f67 | window 19/20 | done ok=True memories=8 elapsed=20.67s
[2026-07-07 00:45:23] [record 22/30] question_id=single-session-user/d52b4f67 | window 20/20 (window_index=19) | start
[2026-07-07 00:45:23] [record 22/30] question_id=single-session-user/d52b4f67 | window 20/20 | attempt 1/5
[2026-07-07 00:45:40] [record 22/30] question_id=single-session-user/d52b4f67 | window 20/20 | done ok=True memories=2 elapsed=17.35s
[2026-07-07 00:45:40] [record 22/30] question_id=single-session-user/d52b4f67 | finished | ok_windows=20/20 | total_memories=152
[2026-07-07 00:45:40] [record 22/30] question_id=single-session-user/d52b4f67 | record done | done=22/30 failed=0 skipped=0
[2026-07-07 00:45:40] [record 23/30] question_id=temporal-reasoning/gpt4_1e4a8aeb | start | done=22 failed=0 skipped=0
[2026-07-07 00:45:40] [record 23/30] question_id=temporal-reasoning/gpt4_1e4a8aeb | windows=20 | start extraction
[2026-07-07 00:45:40] [record 23/30] question_id=temporal-reasoning/gpt4_1e4a8aeb | window 1/20 (window_index=0) | start
[2026-07-07 00:45:40] [record 23/30] question_id=temporal-reasoning/gpt4_1e4a8aeb | window 1/20 | attempt 1/5
[2026-07-07 00:46:28] [record 23/30] question_id=temporal-reasoning/gpt4_1e4a8aeb | window 1/20 | done ok=True memories=17 elapsed=48.02s
[2026-07-07 00:46:28] [record 23/30] question_id=temporal-reasoning/gpt4_1e4a8aeb | window 2/20 (window_index=1) | start
[2026-07-07 00:46:28] [record 23/30] question_id=temporal-reasoning/gpt4_1e4a8aeb | window 2/20 | attempt 1/5
[2026-07-07 00:46:56] [record 23/30] question_id=temporal-reasoning/gpt4_1e4a8aeb | window 2/20 | done ok=True memories=6 elapsed=28.09s
[2026-07-07 00:46:56] [record 23/30] question_id=temporal-reasoning/gpt4_1e4a8aeb | window 3/20 (window_index=2) | start
[2026-07-07 00:46:56] [record 23/30] question_id=temporal-reasoning/gpt4_1e4a8aeb | window 3/20 | attempt 1/5
[2026-07-07 00:47:15] [record 23/30] question_id=temporal-reasoning/gpt4_1e4a8aeb | window 3/20 | done ok=True memories=4 elapsed=19.27s
[2026-07-07 00:47:15] [record 23/30] question_id=temporal-reasoning/gpt4_1e4a8aeb | window 4/20 (window_index=3) | start
[2026-07-07 00:47:15] [record 23/30] question_id=temporal-reasoning/gpt4_1e4a8aeb | window 4/20 | attempt 1/5
[2026-07-07 00:48:04] [record 23/30] question_id=temporal-reasoning/gpt4_1e4a8aeb | window 4/20 | done ok=True memories=10 elapsed=48.87s
[2026-07-07 00:48:04] [record 23/30] question_id=temporal-reasoning/gpt4_1e4a8aeb | window 5/20 (window_index=4) | start
[2026-07-07 00:48:04] [record 23/30] question_id=temporal-reasoning/gpt4_1e4a8aeb | window 5/20 | attempt 1/5
[2026-07-07 00:48:29] [record 23/30] question_id=temporal-reasoning/gpt4_1e4a8aeb | window 5/20 | done ok=True memories=6 elapsed=24.82s
[2026-07-07 00:48:29] [record 23/30] question_id=temporal-reasoning/gpt4_1e4a8aeb | window 6/20 (window_index=5) | start
[2026-07-07 00:48:29] [record 23/30] question_id=temporal-reasoning/gpt4_1e4a8aeb | window 6/20 | attempt 1/5
[2026-07-07 00:48:47] [record 23/30] question_id=temporal-reasoning/gpt4_1e4a8aeb | window 6/20 | done ok=True memories=7 elapsed=18.32s
[2026-07-07 00:48:47] [record 23/30] question_id=temporal-reasoning/gpt4_1e4a8aeb | window 7/20 (window_index=6) | start
[2026-07-07 00:48:47] [record 23/30] question_id=temporal-reasoning/gpt4_1e4a8aeb | window 7/20 | attempt 1/5
[2026-07-07 00:49:19] [record 23/30] question_id=temporal-reasoning/gpt4_1e4a8aeb | window 7/20 | done ok=True memories=7 elapsed=31.23s
[2026-07-07 00:49:19] [record 23/30] question_id=temporal-reasoning/gpt4_1e4a8aeb | window 8/20 (window_index=7) | start
[2026-07-07 00:49:19] [record 23/30] question_id=temporal-reasoning/gpt4_1e4a8aeb | window 8/20 | attempt 1/5
[2026-07-07 00:50:02] [record 23/30] question_id=temporal-reasoning/gpt4_1e4a8aeb | window 8/20 | done ok=True memories=11 elapsed=43.66s
[2026-07-07 00:50:02] [record 23/30] question_id=temporal-reasoning/gpt4_1e4a8aeb | window 9/20 (window_index=8) | start
[2026-07-07 00:50:02] [record 23/30] question_id=temporal-reasoning/gpt4_1e4a8aeb | window 9/20 | attempt 1/5
[2026-07-07 00:50:39] [record 23/30] question_id=temporal-reasoning/gpt4_1e4a8aeb | window 9/20 | done ok=True memories=12 elapsed=36.33s
[2026-07-07 00:50:39] [record 23/30] question_id=temporal-reasoning/gpt4_1e4a8aeb | window 10/20 (window_index=9) | start
[2026-07-07 00:50:39] [record 23/30] question_id=temporal-reasoning/gpt4_1e4a8aeb | window 10/20 | attempt 1/5
[2026-07-07 00:51:23] [record 23/30] question_id=temporal-reasoning/gpt4_1e4a8aeb | window 10/20 | done ok=True memories=10 elapsed=44.61s
[2026-07-07 00:51:23] [record 23/30] question_id=temporal-reasoning/gpt4_1e4a8aeb | window 11/20 (window_index=10) | start
[2026-07-07 00:51:23] [record 23/30] question_id=temporal-reasoning/gpt4_1e4a8aeb | window 11/20 | attempt 1/5
[2026-07-07 00:51:54] [record 23/30] question_id=temporal-reasoning/gpt4_1e4a8aeb | window 11/20 | done ok=True memories=8 elapsed=30.99s
[2026-07-07 00:51:54] [record 23/30] question_id=temporal-reasoning/gpt4_1e4a8aeb | window 12/20 (window_index=11) | start
[2026-07-07 00:51:54] [record 23/30] question_id=temporal-reasoning/gpt4_1e4a8aeb | window 12/20 | attempt 1/5
[2026-07-07 00:52:38] [record 23/30] question_id=temporal-reasoning/gpt4_1e4a8aeb | window 12/20 | done ok=True memories=9 elapsed=43.44s
[2026-07-07 00:52:38] [record 23/30] question_id=temporal-reasoning/gpt4_1e4a8aeb | window 13/20 (window_index=12) | start
[2026-07-07 00:52:38] [record 23/30] question_id=temporal-reasoning/gpt4_1e4a8aeb | window 13/20 | attempt 1/5
[2026-07-07 00:53:12] [record 23/30] question_id=temporal-reasoning/gpt4_1e4a8aeb | window 13/20 | done ok=True memories=10 elapsed=34.90s
[2026-07-07 00:53:12] [record 23/30] question_id=temporal-reasoning/gpt4_1e4a8aeb | window 14/20 (window_index=13) | start
[2026-07-07 00:53:12] [record 23/30] question_id=temporal-reasoning/gpt4_1e4a8aeb | window 14/20 | attempt 1/5
[2026-07-07 00:53:53] [record 23/30] question_id=temporal-reasoning/gpt4_1e4a8aeb | window 14/20 | done ok=True memories=8 elapsed=40.87s
[2026-07-07 00:53:53] [record 23/30] question_id=temporal-reasoning/gpt4_1e4a8aeb | window 15/20 (window_index=14) | start
[2026-07-07 00:53:53] [record 23/30] question_id=temporal-reasoning/gpt4_1e4a8aeb | window 15/20 | attempt 1/5
[2026-07-07 00:54:40] [record 23/30] question_id=temporal-reasoning/gpt4_1e4a8aeb | window 15/20 | done ok=True memories=12 elapsed=46.34s
[2026-07-07 00:54:40] [record 23/30] question_id=temporal-reasoning/gpt4_1e4a8aeb | window 16/20 (window_index=15) | start
[2026-07-07 00:54:40] [record 23/30] question_id=temporal-reasoning/gpt4_1e4a8aeb | window 16/20 | attempt 1/5
[2026-07-07 00:55:03] [record 23/30] question_id=temporal-reasoning/gpt4_1e4a8aeb | window 16/20 | done ok=True memories=4 elapsed=23.32s
[2026-07-07 00:55:03] [record 23/30] question_id=temporal-reasoning/gpt4_1e4a8aeb | window 17/20 (window_index=16) | start
[2026-07-07 00:55:03] [record 23/30] question_id=temporal-reasoning/gpt4_1e4a8aeb | window 17/20 | attempt 1/5
[2026-07-07 00:55:34] [record 23/30] question_id=temporal-reasoning/gpt4_1e4a8aeb | window 17/20 | done ok=True memories=14 elapsed=30.75s
[2026-07-07 00:55:34] [record 23/30] question_id=temporal-reasoning/gpt4_1e4a8aeb | window 18/20 (window_index=17) | start
[2026-07-07 00:55:34] [record 23/30] question_id=temporal-reasoning/gpt4_1e4a8aeb | window 18/20 | attempt 1/5
[2026-07-07 00:56:14] [record 23/30] question_id=temporal-reasoning/gpt4_1e4a8aeb | window 18/20 | done ok=True memories=14 elapsed=40.01s
[2026-07-07 00:56:14] [record 23/30] question_id=temporal-reasoning/gpt4_1e4a8aeb | window 19/20 (window_index=18) | start
[2026-07-07 00:56:14] [record 23/30] question_id=temporal-reasoning/gpt4_1e4a8aeb | window 19/20 | attempt 1/5
[2026-07-07 00:56:30] [record 23/30] question_id=temporal-reasoning/gpt4_1e4a8aeb | window 19/20 | done ok=True memories=2 elapsed=16.10s
[2026-07-07 00:56:30] [record 23/30] question_id=temporal-reasoning/gpt4_1e4a8aeb | window 20/20 (window_index=19) | start
[2026-07-07 00:56:30] [record 23/30] question_id=temporal-reasoning/gpt4_1e4a8aeb | window 20/20 | attempt 1/5
[2026-07-07 00:56:37] [record 23/30] question_id=temporal-reasoning/gpt4_1e4a8aeb | window 20/20 | done ok=True memories=1 elapsed=7.41s
[2026-07-07 00:56:37] [record 23/30] question_id=temporal-reasoning/gpt4_1e4a8aeb | finished | ok_windows=20/20 | total_memories=172
[2026-07-07 00:56:37] [record 23/30] question_id=temporal-reasoning/gpt4_1e4a8aeb | record done | done=23/30 failed=0 skipped=0
[2026-07-07 00:56:37] [record 24/30] question_id=temporal-reasoning/gpt4_f420262d | start | done=23 failed=0 skipped=0
[2026-07-07 00:56:37] [record 24/30] question_id=temporal-reasoning/gpt4_f420262d | windows=19 | start extraction
[2026-07-07 00:56:37] [record 24/30] question_id=temporal-reasoning/gpt4_f420262d | window 1/19 (window_index=0) | start
[2026-07-07 00:56:37] [record 24/30] question_id=temporal-reasoning/gpt4_f420262d | window 1/19 | attempt 1/5
[2026-07-07 00:57:23] [record 24/30] question_id=temporal-reasoning/gpt4_f420262d | window 1/19 | done ok=True memories=12 elapsed=45.31s
[2026-07-07 00:57:23] [record 24/30] question_id=temporal-reasoning/gpt4_f420262d | window 2/19 (window_index=1) | start
[2026-07-07 00:57:23] [record 24/30] question_id=temporal-reasoning/gpt4_f420262d | window 2/19 | attempt 1/5
[2026-07-07 00:57:43] [record 24/30] question_id=temporal-reasoning/gpt4_f420262d | window 2/19 | done ok=True memories=4 elapsed=20.09s
[2026-07-07 00:57:43] [record 24/30] question_id=temporal-reasoning/gpt4_f420262d | window 3/19 (window_index=2) | start
[2026-07-07 00:57:43] [record 24/30] question_id=temporal-reasoning/gpt4_f420262d | window 3/19 | attempt 1/5
[2026-07-07 00:58:09] [record 24/30] question_id=temporal-reasoning/gpt4_f420262d | window 3/19 | done ok=True memories=3 elapsed=26.30s
[2026-07-07 00:58:09] [record 24/30] question_id=temporal-reasoning/gpt4_f420262d | window 4/19 (window_index=3) | start
[2026-07-07 00:58:09] [record 24/30] question_id=temporal-reasoning/gpt4_f420262d | window 4/19 | attempt 1/5
[2026-07-07 00:58:50] [record 24/30] question_id=temporal-reasoning/gpt4_f420262d | window 4/19 | done ok=True memories=11 elapsed=41.00s
[2026-07-07 00:58:50] [record 24/30] question_id=temporal-reasoning/gpt4_f420262d | window 5/19 (window_index=4) | start
[2026-07-07 00:58:50] [record 24/30] question_id=temporal-reasoning/gpt4_f420262d | window 5/19 | attempt 1/5
[2026-07-07 00:59:08] [record 24/30] question_id=temporal-reasoning/gpt4_f420262d | window 5/19 | done ok=True memories=5 elapsed=17.94s
[2026-07-07 00:59:08] [record 24/30] question_id=temporal-reasoning/gpt4_f420262d | window 6/19 (window_index=5) | start
[2026-07-07 00:59:08] [record 24/30] question_id=temporal-reasoning/gpt4_f420262d | window 6/19 | attempt 1/5
[2026-07-07 00:59:37] [record 24/30] question_id=temporal-reasoning/gpt4_f420262d | window 6/19 | done ok=True memories=9 elapsed=29.11s
[2026-07-07 00:59:37] [record 24/30] question_id=temporal-reasoning/gpt4_f420262d | window 7/19 (window_index=6) | start
[2026-07-07 00:59:37] [record 24/30] question_id=temporal-reasoning/gpt4_f420262d | window 7/19 | attempt 1/5
[2026-07-07 01:00:13] [record 24/30] question_id=temporal-reasoning/gpt4_f420262d | window 7/19 | done ok=True memories=9 elapsed=35.45s
[2026-07-07 01:00:13] [record 24/30] question_id=temporal-reasoning/gpt4_f420262d | window 8/19 (window_index=7) | start
[2026-07-07 01:00:13] [record 24/30] question_id=temporal-reasoning/gpt4_f420262d | window 8/19 | attempt 1/5
[2026-07-07 01:01:06] [record 24/30] question_id=temporal-reasoning/gpt4_f420262d | window 8/19 | done ok=True memories=15 elapsed=53.22s
[2026-07-07 01:01:06] [record 24/30] question_id=temporal-reasoning/gpt4_f420262d | window 9/19 (window_index=8) | start
[2026-07-07 01:01:06] [record 24/30] question_id=temporal-reasoning/gpt4_f420262d | window 9/19 | attempt 1/5
[2026-07-07 01:02:03] [record 24/30] question_id=temporal-reasoning/gpt4_f420262d | window 9/19 | done ok=True memories=16 elapsed=57.33s
[2026-07-07 01:02:03] [record 24/30] question_id=temporal-reasoning/gpt4_f420262d | window 10/19 (window_index=9) | start
[2026-07-07 01:02:03] [record 24/30] question_id=temporal-reasoning/gpt4_f420262d | window 10/19 | attempt 1/5
[2026-07-07 01:02:35] [record 24/30] question_id=temporal-reasoning/gpt4_f420262d | window 10/19 | done ok=True memories=10 elapsed=31.50s
[2026-07-07 01:02:35] [record 24/30] question_id=temporal-reasoning/gpt4_f420262d | window 11/19 (window_index=10) | start
[2026-07-07 01:02:35] [record 24/30] question_id=temporal-reasoning/gpt4_f420262d | window 11/19 | attempt 1/5
[2026-07-07 01:03:16] [record 24/30] question_id=temporal-reasoning/gpt4_f420262d | window 11/19 | done ok=True memories=11 elapsed=41.40s
[2026-07-07 01:03:16] [record 24/30] question_id=temporal-reasoning/gpt4_f420262d | window 12/19 (window_index=11) | start
[2026-07-07 01:03:16] [record 24/30] question_id=temporal-reasoning/gpt4_f420262d | window 12/19 | attempt 1/5
[2026-07-07 01:03:41] [record 24/30] question_id=temporal-reasoning/gpt4_f420262d | window 12/19 | done ok=True memories=12 elapsed=24.82s
[2026-07-07 01:03:41] [record 24/30] question_id=temporal-reasoning/gpt4_f420262d | window 13/19 (window_index=12) | start
[2026-07-07 01:03:41] [record 24/30] question_id=temporal-reasoning/gpt4_f420262d | window 13/19 | attempt 1/5
[2026-07-07 01:04:22] [record 24/30] question_id=temporal-reasoning/gpt4_f420262d | window 13/19 | done ok=True memories=15 elapsed=41.63s
[2026-07-07 01:04:22] [record 24/30] question_id=temporal-reasoning/gpt4_f420262d | window 14/19 (window_index=13) | start
[2026-07-07 01:04:22] [record 24/30] question_id=temporal-reasoning/gpt4_f420262d | window 14/19 | attempt 1/5
[2026-07-07 01:04:52] [record 24/30] question_id=temporal-reasoning/gpt4_f420262d | window 14/19 | done ok=True memories=8 elapsed=29.39s
[2026-07-07 01:04:52] [record 24/30] question_id=temporal-reasoning/gpt4_f420262d | window 15/19 (window_index=14) | start
[2026-07-07 01:04:52] [record 24/30] question_id=temporal-reasoning/gpt4_f420262d | window 15/19 | attempt 1/5
[2026-07-07 01:05:12] [record 24/30] question_id=temporal-reasoning/gpt4_f420262d | window 15/19 | done ok=True memories=6 elapsed=20.57s
[2026-07-07 01:05:12] [record 24/30] question_id=temporal-reasoning/gpt4_f420262d | window 16/19 (window_index=15) | start
[2026-07-07 01:05:12] [record 24/30] question_id=temporal-reasoning/gpt4_f420262d | window 16/19 | attempt 1/5
[2026-07-07 01:05:44] [record 24/30] question_id=temporal-reasoning/gpt4_f420262d | window 16/19 | done ok=True memories=15 elapsed=31.10s
[2026-07-07 01:05:44] [record 24/30] question_id=temporal-reasoning/gpt4_f420262d | window 17/19 (window_index=16) | start
[2026-07-07 01:05:44] [record 24/30] question_id=temporal-reasoning/gpt4_f420262d | window 17/19 | attempt 1/5
[2026-07-07 01:06:31] [record 24/30] question_id=temporal-reasoning/gpt4_f420262d | window 17/19 | done ok=True memories=13 elapsed=47.22s
[2026-07-07 01:06:31] [record 24/30] question_id=temporal-reasoning/gpt4_f420262d | window 18/19 (window_index=17) | start
[2026-07-07 01:06:31] [record 24/30] question_id=temporal-reasoning/gpt4_f420262d | window 18/19 | attempt 1/5
[2026-07-07 01:07:17] [record 24/30] question_id=temporal-reasoning/gpt4_f420262d | window 18/19 | done ok=True memories=6 elapsed=46.59s
[2026-07-07 01:07:17] [record 24/30] question_id=temporal-reasoning/gpt4_f420262d | window 19/19 (window_index=18) | start
[2026-07-07 01:07:17] [record 24/30] question_id=temporal-reasoning/gpt4_f420262d | window 19/19 | attempt 1/5
[2026-07-07 01:07:48] [record 24/30] question_id=temporal-reasoning/gpt4_f420262d | window 19/19 | done ok=True memories=8 elapsed=30.55s
[2026-07-07 01:07:48] [record 24/30] question_id=temporal-reasoning/gpt4_f420262d | finished | ok_windows=19/19 | total_memories=188
[2026-07-07 01:07:48] [record 24/30] question_id=temporal-reasoning/gpt4_f420262d | record done | done=24/30 failed=0 skipped=0
[2026-07-07 01:07:48] [record 25/30] question_id=temporal-reasoning/gpt4_7abb270c | start | done=24 failed=0 skipped=0
[2026-07-07 01:07:48] [record 25/30] question_id=temporal-reasoning/gpt4_7abb270c | windows=20 | start extraction
[2026-07-07 01:07:48] [record 25/30] question_id=temporal-reasoning/gpt4_7abb270c | window 1/20 (window_index=0) | start
[2026-07-07 01:07:48] [record 25/30] question_id=temporal-reasoning/gpt4_7abb270c | window 1/20 | attempt 1/5
[2026-07-07 01:08:11] [record 25/30] question_id=temporal-reasoning/gpt4_7abb270c | window 1/20 | done ok=True memories=14 elapsed=23.39s
[2026-07-07 01:08:11] [record 25/30] question_id=temporal-reasoning/gpt4_7abb270c | window 2/20 (window_index=1) | start
[2026-07-07 01:08:11] [record 25/30] question_id=temporal-reasoning/gpt4_7abb270c | window 2/20 | attempt 1/5
[2026-07-07 01:08:42] [record 25/30] question_id=temporal-reasoning/gpt4_7abb270c | window 2/20 | done ok=True memories=5 elapsed=30.67s
[2026-07-07 01:08:42] [record 25/30] question_id=temporal-reasoning/gpt4_7abb270c | window 3/20 (window_index=2) | start
[2026-07-07 01:08:42] [record 25/30] question_id=temporal-reasoning/gpt4_7abb270c | window 3/20 | attempt 1/5
[2026-07-07 01:09:14] [record 25/30] question_id=temporal-reasoning/gpt4_7abb270c | window 3/20 | done ok=True memories=12 elapsed=31.85s
[2026-07-07 01:09:14] [record 25/30] question_id=temporal-reasoning/gpt4_7abb270c | window 4/20 (window_index=3) | start
[2026-07-07 01:09:14] [record 25/30] question_id=temporal-reasoning/gpt4_7abb270c | window 4/20 | attempt 1/5
[2026-07-07 01:10:01] [record 25/30] question_id=temporal-reasoning/gpt4_7abb270c | window 4/20 | done ok=True memories=11 elapsed=46.74s
[2026-07-07 01:10:01] [record 25/30] question_id=temporal-reasoning/gpt4_7abb270c | window 5/20 (window_index=4) | start
[2026-07-07 01:10:01] [record 25/30] question_id=temporal-reasoning/gpt4_7abb270c | window 5/20 | attempt 1/5
[2026-07-07 01:10:22] [record 25/30] question_id=temporal-reasoning/gpt4_7abb270c | window 5/20 | done ok=True memories=10 elapsed=21.38s
[2026-07-07 01:10:22] [record 25/30] question_id=temporal-reasoning/gpt4_7abb270c | window 6/20 (window_index=5) | start
[2026-07-07 01:10:22] [record 25/30] question_id=temporal-reasoning/gpt4_7abb270c | window 6/20 | attempt 1/5
[2026-07-07 01:11:18] [record 25/30] question_id=temporal-reasoning/gpt4_7abb270c | window 6/20 | done ok=True memories=11 elapsed=55.68s
[2026-07-07 01:11:18] [record 25/30] question_id=temporal-reasoning/gpt4_7abb270c | window 7/20 (window_index=6) | start
[2026-07-07 01:11:18] [record 25/30] question_id=temporal-reasoning/gpt4_7abb270c | window 7/20 | attempt 1/5
[2026-07-07 01:12:01] [record 25/30] question_id=temporal-reasoning/gpt4_7abb270c | window 7/20 | done ok=True memories=8 elapsed=43.63s
[2026-07-07 01:12:01] [record 25/30] question_id=temporal-reasoning/gpt4_7abb270c | window 8/20 (window_index=7) | start
[2026-07-07 01:12:01] [record 25/30] question_id=temporal-reasoning/gpt4_7abb270c | window 8/20 | attempt 1/5
[2026-07-07 01:12:28] [record 25/30] question_id=temporal-reasoning/gpt4_7abb270c | window 8/20 | done ok=True memories=9 elapsed=27.03s
[2026-07-07 01:12:28] [record 25/30] question_id=temporal-reasoning/gpt4_7abb270c | window 9/20 (window_index=8) | start
[2026-07-07 01:12:28] [record 25/30] question_id=temporal-reasoning/gpt4_7abb270c | window 9/20 | attempt 1/5
[2026-07-07 01:13:11] [record 25/30] question_id=temporal-reasoning/gpt4_7abb270c | window 9/20 | done ok=True memories=11 elapsed=43.03s
[2026-07-07 01:13:11] [record 25/30] question_id=temporal-reasoning/gpt4_7abb270c | window 10/20 (window_index=9) | start
[2026-07-07 01:13:11] [record 25/30] question_id=temporal-reasoning/gpt4_7abb270c | window 10/20 | attempt 1/5
[2026-07-07 01:13:43] [record 25/30] question_id=temporal-reasoning/gpt4_7abb270c | window 10/20 | done ok=True memories=6 elapsed=31.75s
[2026-07-07 01:13:43] [record 25/30] question_id=temporal-reasoning/gpt4_7abb270c | window 11/20 (window_index=10) | start
[2026-07-07 01:13:43] [record 25/30] question_id=temporal-reasoning/gpt4_7abb270c | window 11/20 | attempt 1/5
[2026-07-07 01:13:55] [record 25/30] question_id=temporal-reasoning/gpt4_7abb270c | window 11/20 | done ok=True memories=1 elapsed=11.76s
[2026-07-07 01:13:55] [record 25/30] question_id=temporal-reasoning/gpt4_7abb270c | window 12/20 (window_index=11) | start
[2026-07-07 01:13:55] [record 25/30] question_id=temporal-reasoning/gpt4_7abb270c | window 12/20 | attempt 1/5
[2026-07-07 01:14:29] [record 25/30] question_id=temporal-reasoning/gpt4_7abb270c | window 12/20 | done ok=True memories=6 elapsed=33.94s
[2026-07-07 01:14:29] [record 25/30] question_id=temporal-reasoning/gpt4_7abb270c | window 13/20 (window_index=12) | start
[2026-07-07 01:14:29] [record 25/30] question_id=temporal-reasoning/gpt4_7abb270c | window 13/20 | attempt 1/5
[2026-07-07 01:15:10] [record 25/30] question_id=temporal-reasoning/gpt4_7abb270c | window 13/20 | done ok=True memories=16 elapsed=41.27s
[2026-07-07 01:15:10] [record 25/30] question_id=temporal-reasoning/gpt4_7abb270c | window 14/20 (window_index=13) | start
[2026-07-07 01:15:10] [record 25/30] question_id=temporal-reasoning/gpt4_7abb270c | window 14/20 | attempt 1/5
[2026-07-07 01:15:47] [record 25/30] question_id=temporal-reasoning/gpt4_7abb270c | window 14/20 | done ok=True memories=19 elapsed=36.67s
[2026-07-07 01:15:47] [record 25/30] question_id=temporal-reasoning/gpt4_7abb270c | window 15/20 (window_index=14) | start
[2026-07-07 01:15:47] [record 25/30] question_id=temporal-reasoning/gpt4_7abb270c | window 15/20 | attempt 1/5
[2026-07-07 01:16:14] [record 25/30] question_id=temporal-reasoning/gpt4_7abb270c | window 15/20 | done ok=True memories=11 elapsed=27.71s
[2026-07-07 01:16:14] [record 25/30] question_id=temporal-reasoning/gpt4_7abb270c | window 16/20 (window_index=15) | start
[2026-07-07 01:16:14] [record 25/30] question_id=temporal-reasoning/gpt4_7abb270c | window 16/20 | attempt 1/5
[2026-07-07 01:16:45] [record 25/30] question_id=temporal-reasoning/gpt4_7abb270c | window 16/20 | done ok=True memories=9 elapsed=30.77s
[2026-07-07 01:16:45] [record 25/30] question_id=temporal-reasoning/gpt4_7abb270c | window 17/20 (window_index=16) | start
[2026-07-07 01:16:45] [record 25/30] question_id=temporal-reasoning/gpt4_7abb270c | window 17/20 | attempt 1/5
[2026-07-07 01:17:23] [record 25/30] question_id=temporal-reasoning/gpt4_7abb270c | window 17/20 | done ok=True memories=8 elapsed=37.56s
[2026-07-07 01:17:23] [record 25/30] question_id=temporal-reasoning/gpt4_7abb270c | window 18/20 (window_index=17) | start
[2026-07-07 01:17:23] [record 25/30] question_id=temporal-reasoning/gpt4_7abb270c | window 18/20 | attempt 1/5
[2026-07-07 01:18:07] [record 25/30] question_id=temporal-reasoning/gpt4_7abb270c | window 18/20 | done ok=True memories=12 elapsed=44.54s
[2026-07-07 01:18:07] [record 25/30] question_id=temporal-reasoning/gpt4_7abb270c | window 19/20 (window_index=18) | start
[2026-07-07 01:18:07] [record 25/30] question_id=temporal-reasoning/gpt4_7abb270c | window 19/20 | attempt 1/5
[2026-07-07 01:18:31] [record 25/30] question_id=temporal-reasoning/gpt4_7abb270c | window 19/20 | done ok=True memories=4 elapsed=23.87s
[2026-07-07 01:18:31] [record 25/30] question_id=temporal-reasoning/gpt4_7abb270c | window 20/20 (window_index=19) | start
[2026-07-07 01:18:31] [record 25/30] question_id=temporal-reasoning/gpt4_7abb270c | window 20/20 | attempt 1/5
[2026-07-07 01:18:34] [record 25/30] question_id=temporal-reasoning/gpt4_7abb270c | window 20/20 | done ok=True memories=0 elapsed=2.87s
[2026-07-07 01:18:34] [record 25/30] question_id=temporal-reasoning/gpt4_7abb270c | finished | ok_windows=20/20 | total_memories=183
[2026-07-07 01:18:34] [record 25/30] question_id=temporal-reasoning/gpt4_7abb270c | record done | done=25/30 failed=0 skipped=0
[2026-07-07 01:18:34] [record 26/30] question_id=temporal-reasoning/982b5123_abs | start | done=25 failed=0 skipped=0
[2026-07-07 01:18:34] [record 26/30] question_id=temporal-reasoning/982b5123_abs | windows=21 | start extraction
[2026-07-07 01:18:34] [record 26/30] question_id=temporal-reasoning/982b5123_abs | window 1/21 (window_index=0) | start
[2026-07-07 01:18:34] [record 26/30] question_id=temporal-reasoning/982b5123_abs | window 1/21 | attempt 1/5
[2026-07-07 01:19:09] [record 26/30] question_id=temporal-reasoning/982b5123_abs | window 1/21 | done ok=True memories=7 elapsed=34.88s
[2026-07-07 01:19:09] [record 26/30] question_id=temporal-reasoning/982b5123_abs | window 2/21 (window_index=1) | start
[2026-07-07 01:19:09] [record 26/30] question_id=temporal-reasoning/982b5123_abs | window 2/21 | attempt 1/5
[2026-07-07 01:19:30] [record 26/30] question_id=temporal-reasoning/982b5123_abs | window 2/21 | done ok=True memories=9 elapsed=20.97s
[2026-07-07 01:19:30] [record 26/30] question_id=temporal-reasoning/982b5123_abs | window 3/21 (window_index=2) | start
[2026-07-07 01:19:30] [record 26/30] question_id=temporal-reasoning/982b5123_abs | window 3/21 | attempt 1/5
[2026-07-07 01:19:54] [record 26/30] question_id=temporal-reasoning/982b5123_abs | window 3/21 | done ok=True memories=4 elapsed=24.56s
[2026-07-07 01:19:54] [record 26/30] question_id=temporal-reasoning/982b5123_abs | window 4/21 (window_index=3) | start
[2026-07-07 01:19:54] [record 26/30] question_id=temporal-reasoning/982b5123_abs | window 4/21 | attempt 1/5
[2026-07-07 01:20:40] [record 26/30] question_id=temporal-reasoning/982b5123_abs | window 4/21 | done ok=True memories=21 elapsed=45.40s
[2026-07-07 01:20:40] [record 26/30] question_id=temporal-reasoning/982b5123_abs | window 5/21 (window_index=4) | start
[2026-07-07 01:20:40] [record 26/30] question_id=temporal-reasoning/982b5123_abs | window 5/21 | attempt 1/5
[2026-07-07 01:21:22] [record 26/30] question_id=temporal-reasoning/982b5123_abs | window 5/21 | done ok=True memories=10 elapsed=42.12s
[2026-07-07 01:21:22] [record 26/30] question_id=temporal-reasoning/982b5123_abs | window 6/21 (window_index=5) | start
[2026-07-07 01:21:22] [record 26/30] question_id=temporal-reasoning/982b5123_abs | window 6/21 | attempt 1/5
[2026-07-07 01:22:06] [record 26/30] question_id=temporal-reasoning/982b5123_abs | window 6/21 | done ok=True memories=17 elapsed=44.13s
[2026-07-07 01:22:06] [record 26/30] question_id=temporal-reasoning/982b5123_abs | window 7/21 (window_index=6) | start
[2026-07-07 01:22:06] [record 26/30] question_id=temporal-reasoning/982b5123_abs | window 7/21 | attempt 1/5
[2026-07-07 01:22:49] [record 26/30] question_id=temporal-reasoning/982b5123_abs | window 7/21 | done ok=True memories=10 elapsed=42.67s
[2026-07-07 01:22:49] [record 26/30] question_id=temporal-reasoning/982b5123_abs | window 8/21 (window_index=7) | start
[2026-07-07 01:22:49] [record 26/30] question_id=temporal-reasoning/982b5123_abs | window 8/21 | attempt 1/5
[2026-07-07 01:23:19] [record 26/30] question_id=temporal-reasoning/982b5123_abs | window 8/21 | done ok=True memories=15 elapsed=30.18s
[2026-07-07 01:23:19] [record 26/30] question_id=temporal-reasoning/982b5123_abs | window 9/21 (window_index=8) | start
[2026-07-07 01:23:19] [record 26/30] question_id=temporal-reasoning/982b5123_abs | window 9/21 | attempt 1/5
[2026-07-07 01:23:47] [record 26/30] question_id=temporal-reasoning/982b5123_abs | window 9/21 | done ok=True memories=7 elapsed=28.04s
[2026-07-07 01:23:47] [record 26/30] question_id=temporal-reasoning/982b5123_abs | window 10/21 (window_index=9) | start
[2026-07-07 01:23:47] [record 26/30] question_id=temporal-reasoning/982b5123_abs | window 10/21 | attempt 1/5
[2026-07-07 01:24:22] [record 26/30] question_id=temporal-reasoning/982b5123_abs | window 10/21 | done ok=True memories=8 elapsed=34.98s
[2026-07-07 01:24:22] [record 26/30] question_id=temporal-reasoning/982b5123_abs | window 11/21 (window_index=10) | start
[2026-07-07 01:24:22] [record 26/30] question_id=temporal-reasoning/982b5123_abs | window 11/21 | attempt 1/5
[2026-07-07 01:25:01] [record 26/30] question_id=temporal-reasoning/982b5123_abs | window 11/21 | done ok=True memories=5 elapsed=38.80s
[2026-07-07 01:25:01] [record 26/30] question_id=temporal-reasoning/982b5123_abs | window 12/21 (window_index=11) | start
[2026-07-07 01:25:01] [record 26/30] question_id=temporal-reasoning/982b5123_abs | window 12/21 | attempt 1/5
[2026-07-07 01:25:30] [record 26/30] question_id=temporal-reasoning/982b5123_abs | window 12/21 | done ok=True memories=4 elapsed=29.09s
[2026-07-07 01:25:30] [record 26/30] question_id=temporal-reasoning/982b5123_abs | window 13/21 (window_index=12) | start
[2026-07-07 01:25:30] [record 26/30] question_id=temporal-reasoning/982b5123_abs | window 13/21 | attempt 1/5
[2026-07-07 01:25:43] [record 26/30] question_id=temporal-reasoning/982b5123_abs | window 13/21 | done ok=True memories=1 elapsed=13.10s
[2026-07-07 01:25:43] [record 26/30] question_id=temporal-reasoning/982b5123_abs | window 14/21 (window_index=13) | start
[2026-07-07 01:25:43] [record 26/30] question_id=temporal-reasoning/982b5123_abs | window 14/21 | attempt 1/5
[2026-07-07 01:26:39] [record 26/30] question_id=temporal-reasoning/982b5123_abs | window 14/21 | done ok=True memories=9 elapsed=56.18s
[2026-07-07 01:26:39] [record 26/30] question_id=temporal-reasoning/982b5123_abs | window 15/21 (window_index=14) | start
[2026-07-07 01:26:39] [record 26/30] question_id=temporal-reasoning/982b5123_abs | window 15/21 | attempt 1/5
[2026-07-07 01:27:09] [record 26/30] question_id=temporal-reasoning/982b5123_abs | window 15/21 | done ok=True memories=4 elapsed=30.32s
[2026-07-07 01:27:09] [record 26/30] question_id=temporal-reasoning/982b5123_abs | window 16/21 (window_index=15) | start
[2026-07-07 01:27:09] [record 26/30] question_id=temporal-reasoning/982b5123_abs | window 16/21 | attempt 1/5
[2026-07-07 01:27:37] [record 26/30] question_id=temporal-reasoning/982b5123_abs | window 16/21 | done ok=True memories=16 elapsed=27.47s
[2026-07-07 01:27:37] [record 26/30] question_id=temporal-reasoning/982b5123_abs | window 17/21 (window_index=16) | start
[2026-07-07 01:27:37] [record 26/30] question_id=temporal-reasoning/982b5123_abs | window 17/21 | attempt 1/5
[2026-07-07 01:28:15] [record 26/30] question_id=temporal-reasoning/982b5123_abs | window 17/21 | done ok=True memories=12 elapsed=38.34s
[2026-07-07 01:28:15] [record 26/30] question_id=temporal-reasoning/982b5123_abs | window 18/21 (window_index=17) | start
[2026-07-07 01:28:15] [record 26/30] question_id=temporal-reasoning/982b5123_abs | window 18/21 | attempt 1/5
[2026-07-07 01:28:56] [record 26/30] question_id=temporal-reasoning/982b5123_abs | window 18/21 | done ok=True memories=9 elapsed=40.84s
[2026-07-07 01:28:56] [record 26/30] question_id=temporal-reasoning/982b5123_abs | window 19/21 (window_index=18) | start
[2026-07-07 01:28:56] [record 26/30] question_id=temporal-reasoning/982b5123_abs | window 19/21 | attempt 1/5
[2026-07-07 01:29:38] [record 26/30] question_id=temporal-reasoning/982b5123_abs | window 19/21 | done ok=True memories=8 elapsed=41.41s
[2026-07-07 01:29:38] [record 26/30] question_id=temporal-reasoning/982b5123_abs | window 20/21 (window_index=19) | start
[2026-07-07 01:29:38] [record 26/30] question_id=temporal-reasoning/982b5123_abs | window 20/21 | attempt 1/5
[2026-07-07 01:30:37] [record 26/30] question_id=temporal-reasoning/982b5123_abs | window 20/21 | done ok=True memories=7 elapsed=59.58s
[2026-07-07 01:30:37] [record 26/30] question_id=temporal-reasoning/982b5123_abs | window 21/21 (window_index=20) | start
[2026-07-07 01:30:37] [record 26/30] question_id=temporal-reasoning/982b5123_abs | window 21/21 | attempt 1/5
[2026-07-07 01:30:47] [record 26/30] question_id=temporal-reasoning/982b5123_abs | window 21/21 | done ok=True memories=1 elapsed=10.29s
[2026-07-07 01:30:47] [record 26/30] question_id=temporal-reasoning/982b5123_abs | finished | ok_windows=21/21 | total_memories=184
[2026-07-07 01:30:47] [record 26/30] question_id=temporal-reasoning/982b5123_abs | record done | done=26/30 failed=0 skipped=0
[2026-07-07 01:30:47] [record 27/30] question_id=temporal-reasoning/71017277 | start | done=26 failed=0 skipped=0
[2026-07-07 01:30:47] [record 27/30] question_id=temporal-reasoning/71017277 | windows=21 | start extraction
[2026-07-07 01:30:47] [record 27/30] question_id=temporal-reasoning/71017277 | window 1/21 (window_index=0) | start
[2026-07-07 01:30:47] [record 27/30] question_id=temporal-reasoning/71017277 | window 1/21 | attempt 1/5
[2026-07-07 01:31:31] [record 27/30] question_id=temporal-reasoning/71017277 | window 1/21 | done ok=True memories=11 elapsed=43.85s
[2026-07-07 01:31:31] [record 27/30] question_id=temporal-reasoning/71017277 | window 2/21 (window_index=1) | start
[2026-07-07 01:31:31] [record 27/30] question_id=temporal-reasoning/71017277 | window 2/21 | attempt 1/5
[2026-07-07 01:32:09] [record 27/30] question_id=temporal-reasoning/71017277 | window 2/21 | done ok=True memories=7 elapsed=37.42s
[2026-07-07 01:32:09] [record 27/30] question_id=temporal-reasoning/71017277 | window 3/21 (window_index=2) | start
[2026-07-07 01:32:09] [record 27/30] question_id=temporal-reasoning/71017277 | window 3/21 | attempt 1/5
[2026-07-07 01:32:42] [record 27/30] question_id=temporal-reasoning/71017277 | window 3/21 | done ok=True memories=4 elapsed=32.86s
[2026-07-07 01:32:42] [record 27/30] question_id=temporal-reasoning/71017277 | window 4/21 (window_index=3) | start
[2026-07-07 01:32:42] [record 27/30] question_id=temporal-reasoning/71017277 | window 4/21 | attempt 1/5
[2026-07-07 01:33:30] [record 27/30] question_id=temporal-reasoning/71017277 | window 4/21 | done ok=True memories=11 elapsed=48.80s
[2026-07-07 01:33:30] [record 27/30] question_id=temporal-reasoning/71017277 | window 5/21 (window_index=4) | start
[2026-07-07 01:33:30] [record 27/30] question_id=temporal-reasoning/71017277 | window 5/21 | attempt 1/5
[2026-07-07 01:34:03] [record 27/30] question_id=temporal-reasoning/71017277 | window 5/21 | done ok=True memories=20 elapsed=32.25s
[2026-07-07 01:34:03] [record 27/30] question_id=temporal-reasoning/71017277 | window 6/21 (window_index=5) | start
[2026-07-07 01:34:03] [record 27/30] question_id=temporal-reasoning/71017277 | window 6/21 | attempt 1/5
[2026-07-07 01:34:58] [record 27/30] question_id=temporal-reasoning/71017277 | window 6/21 | done ok=True memories=9 elapsed=55.16s
[2026-07-07 01:34:58] [record 27/30] question_id=temporal-reasoning/71017277 | window 7/21 (window_index=6) | start
[2026-07-07 01:34:58] [record 27/30] question_id=temporal-reasoning/71017277 | window 7/21 | attempt 1/5
[2026-07-07 01:35:37] [record 27/30] question_id=temporal-reasoning/71017277 | window 7/21 | done ok=True memories=9 elapsed=39.42s
[2026-07-07 01:35:37] [record 27/30] question_id=temporal-reasoning/71017277 | window 8/21 (window_index=7) | start
[2026-07-07 01:35:37] [record 27/30] question_id=temporal-reasoning/71017277 | window 8/21 | attempt 1/5
[2026-07-07 01:36:14] [record 27/30] question_id=temporal-reasoning/71017277 | window 8/21 | done ok=True memories=13 elapsed=36.60s
[2026-07-07 01:36:14] [record 27/30] question_id=temporal-reasoning/71017277 | window 9/21 (window_index=8) | start
[2026-07-07 01:36:14] [record 27/30] question_id=temporal-reasoning/71017277 | window 9/21 | attempt 1/5
[2026-07-07 01:36:37] [record 27/30] question_id=temporal-reasoning/71017277 | window 9/21 | done ok=True memories=13 elapsed=23.14s
[2026-07-07 01:36:37] [record 27/30] question_id=temporal-reasoning/71017277 | window 10/21 (window_index=9) | start
[2026-07-07 01:36:37] [record 27/30] question_id=temporal-reasoning/71017277 | window 10/21 | attempt 1/5
[2026-07-07 01:37:06] [record 27/30] question_id=temporal-reasoning/71017277 | window 10/21 | done ok=True memories=7 elapsed=29.03s
[2026-07-07 01:37:06] [record 27/30] question_id=temporal-reasoning/71017277 | window 11/21 (window_index=10) | start
[2026-07-07 01:37:06] [record 27/30] question_id=temporal-reasoning/71017277 | window 11/21 | attempt 1/5
[2026-07-07 01:37:40] [record 27/30] question_id=temporal-reasoning/71017277 | window 11/21 | done ok=True memories=10 elapsed=34.24s
[2026-07-07 01:37:40] [record 27/30] question_id=temporal-reasoning/71017277 | window 12/21 (window_index=11) | start
[2026-07-07 01:37:40] [record 27/30] question_id=temporal-reasoning/71017277 | window 12/21 | attempt 1/5
[2026-07-07 01:38:02] [record 27/30] question_id=temporal-reasoning/71017277 | window 12/21 | done ok=True memories=5 elapsed=21.51s
[2026-07-07 01:38:02] [record 27/30] question_id=temporal-reasoning/71017277 | window 13/21 (window_index=12) | start
[2026-07-07 01:38:02] [record 27/30] question_id=temporal-reasoning/71017277 | window 13/21 | attempt 1/5
[2026-07-07 01:38:36] [record 27/30] question_id=temporal-reasoning/71017277 | window 13/21 | done ok=True memories=9 elapsed=34.62s
[2026-07-07 01:38:36] [record 27/30] question_id=temporal-reasoning/71017277 | window 14/21 (window_index=13) | start
[2026-07-07 01:38:36] [record 27/30] question_id=temporal-reasoning/71017277 | window 14/21 | attempt 1/5
[2026-07-07 01:39:21] [record 27/30] question_id=temporal-reasoning/71017277 | window 14/21 | done ok=True memories=10 elapsed=44.52s
[2026-07-07 01:39:21] [record 27/30] question_id=temporal-reasoning/71017277 | window 15/21 (window_index=14) | start
[2026-07-07 01:39:21] [record 27/30] question_id=temporal-reasoning/71017277 | window 15/21 | attempt 1/5
[2026-07-07 01:39:38] [record 27/30] question_id=temporal-reasoning/71017277 | window 15/21 | done ok=True memories=7 elapsed=17.12s
[2026-07-07 01:39:38] [record 27/30] question_id=temporal-reasoning/71017277 | window 16/21 (window_index=15) | start
[2026-07-07 01:39:38] [record 27/30] question_id=temporal-reasoning/71017277 | window 16/21 | attempt 1/5
[2026-07-07 01:40:12] [record 27/30] question_id=temporal-reasoning/71017277 | window 16/21 | done ok=True memories=7 elapsed=34.28s
[2026-07-07 01:40:12] [record 27/30] question_id=temporal-reasoning/71017277 | window 17/21 (window_index=16) | start
[2026-07-07 01:40:12] [record 27/30] question_id=temporal-reasoning/71017277 | window 17/21 | attempt 1/5
[2026-07-07 01:40:36] [record 27/30] question_id=temporal-reasoning/71017277 | window 17/21 | done ok=True memories=9 elapsed=24.14s
[2026-07-07 01:40:36] [record 27/30] question_id=temporal-reasoning/71017277 | window 18/21 (window_index=17) | start
[2026-07-07 01:40:36] [record 27/30] question_id=temporal-reasoning/71017277 | window 18/21 | attempt 1/5
[2026-07-07 01:40:52] [record 27/30] question_id=temporal-reasoning/71017277 | window 18/21 | done ok=True memories=4 elapsed=15.53s
[2026-07-07 01:40:52] [record 27/30] question_id=temporal-reasoning/71017277 | window 19/21 (window_index=18) | start
[2026-07-07 01:40:52] [record 27/30] question_id=temporal-reasoning/71017277 | window 19/21 | attempt 1/5
[2026-07-07 01:41:23] [record 27/30] question_id=temporal-reasoning/71017277 | window 19/21 | done ok=True memories=8 elapsed=30.53s
[2026-07-07 01:41:23] [record 27/30] question_id=temporal-reasoning/71017277 | window 20/21 (window_index=19) | start
[2026-07-07 01:41:23] [record 27/30] question_id=temporal-reasoning/71017277 | window 20/21 | attempt 1/5
[2026-07-07 01:41:47] [record 27/30] question_id=temporal-reasoning/71017277 | window 20/21 | done ok=True memories=5 elapsed=24.14s
[2026-07-07 01:41:47] [record 27/30] question_id=temporal-reasoning/71017277 | window 21/21 (window_index=20) | start
[2026-07-07 01:41:47] [record 27/30] question_id=temporal-reasoning/71017277 | window 21/21 | attempt 1/5
[2026-07-07 01:41:52] [record 27/30] question_id=temporal-reasoning/71017277 | window 21/21 | done ok=True memories=2 elapsed=4.90s
[2026-07-07 01:41:52] [record 27/30] question_id=temporal-reasoning/71017277 | finished | ok_windows=21/21 | total_memories=180
[2026-07-07 01:41:52] [record 27/30] question_id=temporal-reasoning/71017277 | record done | done=27/30 failed=0 skipped=0
[2026-07-07 01:41:52] [record 28/30] question_id=temporal-reasoning/gpt4_b5700ca9 | start | done=27 failed=0 skipped=0
[2026-07-07 01:41:52] [record 28/30] question_id=temporal-reasoning/gpt4_b5700ca9 | windows=22 | start extraction
[2026-07-07 01:41:52] [record 28/30] question_id=temporal-reasoning/gpt4_b5700ca9 | window 1/22 (window_index=0) | start
[2026-07-07 01:41:52] [record 28/30] question_id=temporal-reasoning/gpt4_b5700ca9 | window 1/22 | attempt 1/5
[2026-07-07 01:42:34] [record 28/30] question_id=temporal-reasoning/gpt4_b5700ca9 | window 1/22 | done ok=True memories=17 elapsed=42.45s
[2026-07-07 01:42:34] [record 28/30] question_id=temporal-reasoning/gpt4_b5700ca9 | window 2/22 (window_index=1) | start
[2026-07-07 01:42:34] [record 28/30] question_id=temporal-reasoning/gpt4_b5700ca9 | window 2/22 | attempt 1/5
[2026-07-07 01:42:51] [record 28/30] question_id=temporal-reasoning/gpt4_b5700ca9 | window 2/22 | done ok=True memories=6 elapsed=16.87s
[2026-07-07 01:42:51] [record 28/30] question_id=temporal-reasoning/gpt4_b5700ca9 | window 3/22 (window_index=2) | start
[2026-07-07 01:42:51] [record 28/30] question_id=temporal-reasoning/gpt4_b5700ca9 | window 3/22 | attempt 1/5
[2026-07-07 01:43:13] [record 28/30] question_id=temporal-reasoning/gpt4_b5700ca9 | window 3/22 | done ok=True memories=3 elapsed=22.48s
[2026-07-07 01:43:13] [record 28/30] question_id=temporal-reasoning/gpt4_b5700ca9 | window 4/22 (window_index=3) | start
[2026-07-07 01:43:13] [record 28/30] question_id=temporal-reasoning/gpt4_b5700ca9 | window 4/22 | attempt 1/5
[2026-07-07 01:43:49] [record 28/30] question_id=temporal-reasoning/gpt4_b5700ca9 | window 4/22 | done ok=True memories=13 elapsed=35.58s
[2026-07-07 01:43:49] [record 28/30] question_id=temporal-reasoning/gpt4_b5700ca9 | window 5/22 (window_index=4) | start
[2026-07-07 01:43:49] [record 28/30] question_id=temporal-reasoning/gpt4_b5700ca9 | window 5/22 | attempt 1/5
[2026-07-07 01:44:33] [record 28/30] question_id=temporal-reasoning/gpt4_b5700ca9 | window 5/22 | done ok=True memories=14 elapsed=43.89s
[2026-07-07 01:44:33] [record 28/30] question_id=temporal-reasoning/gpt4_b5700ca9 | window 6/22 (window_index=5) | start
[2026-07-07 01:44:33] [record 28/30] question_id=temporal-reasoning/gpt4_b5700ca9 | window 6/22 | attempt 1/5
[2026-07-07 01:45:17] [record 28/30] question_id=temporal-reasoning/gpt4_b5700ca9 | window 6/22 | done ok=True memories=9 elapsed=44.12s
[2026-07-07 01:45:17] [record 28/30] question_id=temporal-reasoning/gpt4_b5700ca9 | window 7/22 (window_index=6) | start
[2026-07-07 01:45:17] [record 28/30] question_id=temporal-reasoning/gpt4_b5700ca9 | window 7/22 | attempt 1/5
[2026-07-07 01:45:56] [record 28/30] question_id=temporal-reasoning/gpt4_b5700ca9 | window 7/22 | done ok=True memories=15 elapsed=39.25s
[2026-07-07 01:45:56] [record 28/30] question_id=temporal-reasoning/gpt4_b5700ca9 | window 8/22 (window_index=7) | start
[2026-07-07 01:45:56] [record 28/30] question_id=temporal-reasoning/gpt4_b5700ca9 | window 8/22 | attempt 1/5
[2026-07-07 01:46:31] [record 28/30] question_id=temporal-reasoning/gpt4_b5700ca9 | window 8/22 | done ok=True memories=7 elapsed=34.32s
[2026-07-07 01:46:31] [record 28/30] question_id=temporal-reasoning/gpt4_b5700ca9 | window 9/22 (window_index=8) | start
[2026-07-07 01:46:31] [record 28/30] question_id=temporal-reasoning/gpt4_b5700ca9 | window 9/22 | attempt 1/5
[2026-07-07 01:47:02] [record 28/30] question_id=temporal-reasoning/gpt4_b5700ca9 | window 9/22 | done ok=True memories=6 elapsed=31.01s
[2026-07-07 01:47:02] [record 28/30] question_id=temporal-reasoning/gpt4_b5700ca9 | window 10/22 (window_index=9) | start
[2026-07-07 01:47:02] [record 28/30] question_id=temporal-reasoning/gpt4_b5700ca9 | window 10/22 | attempt 1/5
[2026-07-07 01:47:50] [record 28/30] question_id=temporal-reasoning/gpt4_b5700ca9 | window 10/22 | done ok=True memories=9 elapsed=48.56s
[2026-07-07 01:47:50] [record 28/30] question_id=temporal-reasoning/gpt4_b5700ca9 | window 11/22 (window_index=10) | start
[2026-07-07 01:47:50] [record 28/30] question_id=temporal-reasoning/gpt4_b5700ca9 | window 11/22 | attempt 1/5
[2026-07-07 01:48:22] [record 28/30] question_id=temporal-reasoning/gpt4_b5700ca9 | window 11/22 | done ok=True memories=7 elapsed=32.30s
[2026-07-07 01:48:22] [record 28/30] question_id=temporal-reasoning/gpt4_b5700ca9 | window 12/22 (window_index=11) | start
[2026-07-07 01:48:22] [record 28/30] question_id=temporal-reasoning/gpt4_b5700ca9 | window 12/22 | attempt 1/5
[2026-07-07 01:49:15] [record 28/30] question_id=temporal-reasoning/gpt4_b5700ca9 | window 12/22 | done ok=True memories=11 elapsed=52.25s
[2026-07-07 01:49:15] [record 28/30] question_id=temporal-reasoning/gpt4_b5700ca9 | window 13/22 (window_index=12) | start
[2026-07-07 01:49:15] [record 28/30] question_id=temporal-reasoning/gpt4_b5700ca9 | window 13/22 | attempt 1/5
[2026-07-07 01:49:35] [record 28/30] question_id=temporal-reasoning/gpt4_b5700ca9 | window 13/22 | done ok=True memories=9 elapsed=20.23s
[2026-07-07 01:49:35] [record 28/30] question_id=temporal-reasoning/gpt4_b5700ca9 | window 14/22 (window_index=13) | start
[2026-07-07 01:49:35] [record 28/30] question_id=temporal-reasoning/gpt4_b5700ca9 | window 14/22 | attempt 1/5
[2026-07-07 01:50:03] [record 28/30] question_id=temporal-reasoning/gpt4_b5700ca9 | window 14/22 | done ok=True memories=12 elapsed=28.37s
[2026-07-07 01:50:03] [record 28/30] question_id=temporal-reasoning/gpt4_b5700ca9 | window 15/22 (window_index=14) | start
[2026-07-07 01:50:03] [record 28/30] question_id=temporal-reasoning/gpt4_b5700ca9 | window 15/22 | attempt 1/5
[2026-07-07 01:50:34] [record 28/30] question_id=temporal-reasoning/gpt4_b5700ca9 | window 15/22 | done ok=True memories=8 elapsed=30.31s
[2026-07-07 01:50:34] [record 28/30] question_id=temporal-reasoning/gpt4_b5700ca9 | window 16/22 (window_index=15) | start
[2026-07-07 01:50:34] [record 28/30] question_id=temporal-reasoning/gpt4_b5700ca9 | window 16/22 | attempt 1/5
[2026-07-07 01:51:04] [record 28/30] question_id=temporal-reasoning/gpt4_b5700ca9 | window 16/22 | done ok=True memories=6 elapsed=30.41s
[2026-07-07 01:51:04] [record 28/30] question_id=temporal-reasoning/gpt4_b5700ca9 | window 17/22 (window_index=16) | start
[2026-07-07 01:51:04] [record 28/30] question_id=temporal-reasoning/gpt4_b5700ca9 | window 17/22 | attempt 1/5
[2026-07-07 01:51:35] [record 28/30] question_id=temporal-reasoning/gpt4_b5700ca9 | window 17/22 | done ok=True memories=12 elapsed=30.92s
[2026-07-07 01:51:35] [record 28/30] question_id=temporal-reasoning/gpt4_b5700ca9 | window 18/22 (window_index=17) | start
[2026-07-07 01:51:35] [record 28/30] question_id=temporal-reasoning/gpt4_b5700ca9 | window 18/22 | attempt 1/5
[2026-07-07 01:52:08] [record 28/30] question_id=temporal-reasoning/gpt4_b5700ca9 | window 18/22 | done ok=True memories=12 elapsed=33.34s
[2026-07-07 01:52:08] [record 28/30] question_id=temporal-reasoning/gpt4_b5700ca9 | window 19/22 (window_index=18) | start
[2026-07-07 01:52:08] [record 28/30] question_id=temporal-reasoning/gpt4_b5700ca9 | window 19/22 | attempt 1/5
[2026-07-07 01:52:34] [record 28/30] question_id=temporal-reasoning/gpt4_b5700ca9 | window 19/22 | done ok=True memories=5 elapsed=26.16s
[2026-07-07 01:52:34] [record 28/30] question_id=temporal-reasoning/gpt4_b5700ca9 | window 20/22 (window_index=19) | start
[2026-07-07 01:52:34] [record 28/30] question_id=temporal-reasoning/gpt4_b5700ca9 | window 20/22 | attempt 1/5
[2026-07-07 01:53:02] [record 28/30] question_id=temporal-reasoning/gpt4_b5700ca9 | window 20/22 | done ok=True memories=10 elapsed=27.45s
[2026-07-07 01:53:02] [record 28/30] question_id=temporal-reasoning/gpt4_b5700ca9 | window 21/22 (window_index=20) | start
[2026-07-07 01:53:02] [record 28/30] question_id=temporal-reasoning/gpt4_b5700ca9 | window 21/22 | attempt 1/5
[2026-07-07 01:53:36] [record 28/30] question_id=temporal-reasoning/gpt4_b5700ca9 | window 21/22 | done ok=True memories=10 elapsed=33.89s
[2026-07-07 01:53:36] [record 28/30] question_id=temporal-reasoning/gpt4_b5700ca9 | window 22/22 (window_index=21) | start
[2026-07-07 01:53:36] [record 28/30] question_id=temporal-reasoning/gpt4_b5700ca9 | window 22/22 | attempt 1/5
[2026-07-07 01:53:58] [record 28/30] question_id=temporal-reasoning/gpt4_b5700ca9 | window 22/22 | done ok=True memories=4 elapsed=22.27s
[2026-07-07 01:53:58] [record 28/30] question_id=temporal-reasoning/gpt4_b5700ca9 | finished | ok_windows=22/22 | total_memories=205
[2026-07-07 01:53:58] [record 28/30] question_id=temporal-reasoning/gpt4_b5700ca9 | record done | done=28/30 failed=0 skipped=0
[2026-07-07 01:53:58] [record 29/30] question_id=temporal-reasoning/gpt4_4929293a | start | done=28 failed=0 skipped=0
[2026-07-07 01:53:58] [record 29/30] question_id=temporal-reasoning/gpt4_4929293a | windows=20 | start extraction
[2026-07-07 01:53:58] [record 29/30] question_id=temporal-reasoning/gpt4_4929293a | window 1/20 (window_index=0) | start
[2026-07-07 01:53:58] [record 29/30] question_id=temporal-reasoning/gpt4_4929293a | window 1/20 | attempt 1/5
[2026-07-07 01:54:16] [record 29/30] question_id=temporal-reasoning/gpt4_4929293a | window 1/20 | done ok=True memories=1 elapsed=17.61s
[2026-07-07 01:54:16] [record 29/30] question_id=temporal-reasoning/gpt4_4929293a | window 2/20 (window_index=1) | start
[2026-07-07 01:54:16] [record 29/30] question_id=temporal-reasoning/gpt4_4929293a | window 2/20 | attempt 1/5
[2026-07-07 01:54:31] [record 29/30] question_id=temporal-reasoning/gpt4_4929293a | window 2/20 | done ok=True memories=2 elapsed=14.91s
[2026-07-07 01:54:31] [record 29/30] question_id=temporal-reasoning/gpt4_4929293a | window 3/20 (window_index=2) | start
[2026-07-07 01:54:31] [record 29/30] question_id=temporal-reasoning/gpt4_4929293a | window 3/20 | attempt 1/5
[2026-07-07 01:54:52] [record 29/30] question_id=temporal-reasoning/gpt4_4929293a | window 3/20 | done ok=True memories=7 elapsed=21.23s
[2026-07-07 01:54:52] [record 29/30] question_id=temporal-reasoning/gpt4_4929293a | window 4/20 (window_index=3) | start
[2026-07-07 01:54:52] [record 29/30] question_id=temporal-reasoning/gpt4_4929293a | window 4/20 | attempt 1/5
[2026-07-07 01:55:22] [record 29/30] question_id=temporal-reasoning/gpt4_4929293a | window 4/20 | done ok=True memories=10 elapsed=29.73s
[2026-07-07 01:55:22] [record 29/30] question_id=temporal-reasoning/gpt4_4929293a | window 5/20 (window_index=4) | start
[2026-07-07 01:55:22] [record 29/30] question_id=temporal-reasoning/gpt4_4929293a | window 5/20 | attempt 1/5
[2026-07-07 01:55:49] [record 29/30] question_id=temporal-reasoning/gpt4_4929293a | window 5/20 | done ok=True memories=3 elapsed=27.52s
[2026-07-07 01:55:49] [record 29/30] question_id=temporal-reasoning/gpt4_4929293a | window 6/20 (window_index=5) | start
[2026-07-07 01:55:49] [record 29/30] question_id=temporal-reasoning/gpt4_4929293a | window 6/20 | attempt 1/5
[2026-07-07 01:56:21] [record 29/30] question_id=temporal-reasoning/gpt4_4929293a | window 6/20 | done ok=True memories=7 elapsed=31.44s
[2026-07-07 01:56:21] [record 29/30] question_id=temporal-reasoning/gpt4_4929293a | window 7/20 (window_index=6) | start
[2026-07-07 01:56:21] [record 29/30] question_id=temporal-reasoning/gpt4_4929293a | window 7/20 | attempt 1/5
[2026-07-07 01:56:41] [record 29/30] question_id=temporal-reasoning/gpt4_4929293a | window 7/20 | done ok=True memories=16 elapsed=20.52s
[2026-07-07 01:56:41] [record 29/30] question_id=temporal-reasoning/gpt4_4929293a | window 8/20 (window_index=7) | start
[2026-07-07 01:56:41] [record 29/30] question_id=temporal-reasoning/gpt4_4929293a | window 8/20 | attempt 1/5
[2026-07-07 01:57:01] [record 29/30] question_id=temporal-reasoning/gpt4_4929293a | window 8/20 | done ok=True memories=9 elapsed=19.77s
[2026-07-07 01:57:01] [record 29/30] question_id=temporal-reasoning/gpt4_4929293a | window 9/20 (window_index=8) | start
[2026-07-07 01:57:01] [record 29/30] question_id=temporal-reasoning/gpt4_4929293a | window 9/20 | attempt 1/5
[2026-07-07 01:57:19] [record 29/30] question_id=temporal-reasoning/gpt4_4929293a | window 9/20 | done ok=True memories=5 elapsed=17.91s
[2026-07-07 01:57:19] [record 29/30] question_id=temporal-reasoning/gpt4_4929293a | window 10/20 (window_index=9) | start
[2026-07-07 01:57:19] [record 29/30] question_id=temporal-reasoning/gpt4_4929293a | window 10/20 | attempt 1/5
[2026-07-07 01:57:47] [record 29/30] question_id=temporal-reasoning/gpt4_4929293a | window 10/20 | done ok=True memories=11 elapsed=28.68s
[2026-07-07 01:57:47] [record 29/30] question_id=temporal-reasoning/gpt4_4929293a | window 11/20 (window_index=10) | start
[2026-07-07 01:57:47] [record 29/30] question_id=temporal-reasoning/gpt4_4929293a | window 11/20 | attempt 1/5
[2026-07-07 01:58:23] [record 29/30] question_id=temporal-reasoning/gpt4_4929293a | window 11/20 | done ok=True memories=14 elapsed=35.88s
[2026-07-07 01:58:23] [record 29/30] question_id=temporal-reasoning/gpt4_4929293a | window 12/20 (window_index=11) | start
[2026-07-07 01:58:23] [record 29/30] question_id=temporal-reasoning/gpt4_4929293a | window 12/20 | attempt 1/5
[2026-07-07 01:59:09] [record 29/30] question_id=temporal-reasoning/gpt4_4929293a | window 12/20 | done ok=True memories=18 elapsed=45.99s
[2026-07-07 01:59:09] [record 29/30] question_id=temporal-reasoning/gpt4_4929293a | window 13/20 (window_index=12) | start
[2026-07-07 01:59:09] [record 29/30] question_id=temporal-reasoning/gpt4_4929293a | window 13/20 | attempt 1/5
[2026-07-07 01:59:34] [record 29/30] question_id=temporal-reasoning/gpt4_4929293a | window 13/20 | done ok=True memories=10 elapsed=24.92s
[2026-07-07 01:59:34] [record 29/30] question_id=temporal-reasoning/gpt4_4929293a | window 14/20 (window_index=13) | start
[2026-07-07 01:59:34] [record 29/30] question_id=temporal-reasoning/gpt4_4929293a | window 14/20 | attempt 1/5
[2026-07-07 02:00:08] [record 29/30] question_id=temporal-reasoning/gpt4_4929293a | window 14/20 | done ok=True memories=13 elapsed=33.43s
[2026-07-07 02:00:08] [record 29/30] question_id=temporal-reasoning/gpt4_4929293a | window 15/20 (window_index=14) | start
[2026-07-07 02:00:08] [record 29/30] question_id=temporal-reasoning/gpt4_4929293a | window 15/20 | attempt 1/5
[2026-07-07 02:00:38] [record 29/30] question_id=temporal-reasoning/gpt4_4929293a | window 15/20 | done ok=True memories=7 elapsed=29.98s
[2026-07-07 02:00:38] [record 29/30] question_id=temporal-reasoning/gpt4_4929293a | window 16/20 (window_index=15) | start
[2026-07-07 02:00:38] [record 29/30] question_id=temporal-reasoning/gpt4_4929293a | window 16/20 | attempt 1/5
[2026-07-07 02:01:06] [record 29/30] question_id=temporal-reasoning/gpt4_4929293a | window 16/20 | done ok=True memories=13 elapsed=28.06s
[2026-07-07 02:01:06] [record 29/30] question_id=temporal-reasoning/gpt4_4929293a | window 17/20 (window_index=16) | start
[2026-07-07 02:01:06] [record 29/30] question_id=temporal-reasoning/gpt4_4929293a | window 17/20 | attempt 1/5
[2026-07-07 02:01:58] [record 29/30] question_id=temporal-reasoning/gpt4_4929293a | window 17/20 | done ok=True memories=12 elapsed=52.58s
[2026-07-07 02:01:58] [record 29/30] question_id=temporal-reasoning/gpt4_4929293a | window 18/20 (window_index=17) | start
[2026-07-07 02:01:58] [record 29/30] question_id=temporal-reasoning/gpt4_4929293a | window 18/20 | attempt 1/5
[2026-07-07 02:02:23] [record 29/30] question_id=temporal-reasoning/gpt4_4929293a | window 18/20 | done ok=True memories=7 elapsed=25.11s
[2026-07-07 02:02:23] [record 29/30] question_id=temporal-reasoning/gpt4_4929293a | window 19/20 (window_index=18) | start
[2026-07-07 02:02:23] [record 29/30] question_id=temporal-reasoning/gpt4_4929293a | window 19/20 | attempt 1/5
[2026-07-07 02:02:59] [record 29/30] question_id=temporal-reasoning/gpt4_4929293a | window 19/20 | done ok=True memories=11 elapsed=35.90s
[2026-07-07 02:02:59] [record 29/30] question_id=temporal-reasoning/gpt4_4929293a | window 20/20 (window_index=19) | start
[2026-07-07 02:02:59] [record 29/30] question_id=temporal-reasoning/gpt4_4929293a | window 20/20 | attempt 1/5
[2026-07-07 02:03:42] [record 29/30] question_id=temporal-reasoning/gpt4_4929293a | window 20/20 | done ok=True memories=12 elapsed=42.60s
[2026-07-07 02:03:42] [record 29/30] question_id=temporal-reasoning/gpt4_4929293a | finished | ok_windows=20/20 | total_memories=188
[2026-07-07 02:03:42] [record 29/30] question_id=temporal-reasoning/gpt4_4929293a | record done | done=29/30 failed=0 skipped=0
[2026-07-07 02:03:42] [record 30/30] question_id=temporal-reasoning/993da5e2 | start | done=29 failed=0 skipped=0
[2026-07-07 02:03:42] [record 30/30] question_id=temporal-reasoning/993da5e2 | windows=20 | start extraction
[2026-07-07 02:03:42] [record 30/30] question_id=temporal-reasoning/993da5e2 | window 1/20 (window_index=0) | start
[2026-07-07 02:03:42] [record 30/30] question_id=temporal-reasoning/993da5e2 | window 1/20 | attempt 1/5
[2026-07-07 02:04:25] [record 30/30] question_id=temporal-reasoning/993da5e2 | window 1/20 | done ok=True memories=13 elapsed=42.74s
[2026-07-07 02:04:25] [record 30/30] question_id=temporal-reasoning/993da5e2 | window 2/20 (window_index=1) | start
[2026-07-07 02:04:25] [record 30/30] question_id=temporal-reasoning/993da5e2 | window 2/20 | attempt 1/5
[2026-07-07 02:04:52] [record 30/30] question_id=temporal-reasoning/993da5e2 | window 2/20 | done ok=True memories=4 elapsed=27.13s
[2026-07-07 02:04:52] [record 30/30] question_id=temporal-reasoning/993da5e2 | window 3/20 (window_index=2) | start
[2026-07-07 02:04:52] [record 30/30] question_id=temporal-reasoning/993da5e2 | window 3/20 | attempt 1/5
[2026-07-07 02:05:25] [record 30/30] question_id=temporal-reasoning/993da5e2 | window 3/20 | done ok=True memories=8 elapsed=33.61s
[2026-07-07 02:05:25] [record 30/30] question_id=temporal-reasoning/993da5e2 | window 4/20 (window_index=3) | start
[2026-07-07 02:05:25] [record 30/30] question_id=temporal-reasoning/993da5e2 | window 4/20 | attempt 1/5
[2026-07-07 02:06:10] [record 30/30] question_id=temporal-reasoning/993da5e2 | window 4/20 | done ok=True memories=16 elapsed=45.09s
[2026-07-07 02:06:10] [record 30/30] question_id=temporal-reasoning/993da5e2 | window 5/20 (window_index=4) | start
[2026-07-07 02:06:10] [record 30/30] question_id=temporal-reasoning/993da5e2 | window 5/20 | attempt 1/5
[2026-07-07 02:06:46] [record 30/30] question_id=temporal-reasoning/993da5e2 | window 5/20 | done ok=True memories=9 elapsed=35.24s
[2026-07-07 02:06:46] [record 30/30] question_id=temporal-reasoning/993da5e2 | window 6/20 (window_index=5) | start
[2026-07-07 02:06:46] [record 30/30] question_id=temporal-reasoning/993da5e2 | window 6/20 | attempt 1/5
[2026-07-07 02:07:14] [record 30/30] question_id=temporal-reasoning/993da5e2 | window 6/20 | done ok=True memories=5 elapsed=28.70s
[2026-07-07 02:07:14] [record 30/30] question_id=temporal-reasoning/993da5e2 | window 7/20 (window_index=6) | start
[2026-07-07 02:07:14] [record 30/30] question_id=temporal-reasoning/993da5e2 | window 7/20 | attempt 1/5
[2026-07-07 02:08:02] [record 30/30] question_id=temporal-reasoning/993da5e2 | window 7/20 | done ok=True memories=13 elapsed=47.68s
[2026-07-07 02:08:02] [record 30/30] question_id=temporal-reasoning/993da5e2 | window 8/20 (window_index=7) | start
[2026-07-07 02:08:02] [record 30/30] question_id=temporal-reasoning/993da5e2 | window 8/20 | attempt 1/5
[2026-07-07 02:08:25] [record 30/30] question_id=temporal-reasoning/993da5e2 | window 8/20 | done ok=True memories=6 elapsed=23.02s
[2026-07-07 02:08:25] [record 30/30] question_id=temporal-reasoning/993da5e2 | window 9/20 (window_index=8) | start
[2026-07-07 02:08:25] [record 30/30] question_id=temporal-reasoning/993da5e2 | window 9/20 | attempt 1/5
[2026-07-07 02:08:58] [record 30/30] question_id=temporal-reasoning/993da5e2 | window 9/20 | done ok=True memories=9 elapsed=33.06s
[2026-07-07 02:08:58] [record 30/30] question_id=temporal-reasoning/993da5e2 | window 10/20 (window_index=9) | start
[2026-07-07 02:08:58] [record 30/30] question_id=temporal-reasoning/993da5e2 | window 10/20 | attempt 1/5
[2026-07-07 02:09:32] [record 30/30] question_id=temporal-reasoning/993da5e2 | window 10/20 | done ok=True memories=7 elapsed=33.83s
[2026-07-07 02:09:32] [record 30/30] question_id=temporal-reasoning/993da5e2 | window 11/20 (window_index=10) | start
[2026-07-07 02:09:32] [record 30/30] question_id=temporal-reasoning/993da5e2 | window 11/20 | attempt 1/5
[2026-07-07 02:10:20] [record 30/30] question_id=temporal-reasoning/993da5e2 | window 11/20 | done ok=True memories=10 elapsed=47.55s
[2026-07-07 02:10:20] [record 30/30] question_id=temporal-reasoning/993da5e2 | window 12/20 (window_index=11) | start
[2026-07-07 02:10:20] [record 30/30] question_id=temporal-reasoning/993da5e2 | window 12/20 | attempt 1/5
[2026-07-07 02:10:43] [record 30/30] question_id=temporal-reasoning/993da5e2 | window 12/20 | done ok=True memories=4 elapsed=23.41s
[2026-07-07 02:10:43] [record 30/30] question_id=temporal-reasoning/993da5e2 | window 13/20 (window_index=12) | start
[2026-07-07 02:10:43] [record 30/30] question_id=temporal-reasoning/993da5e2 | window 13/20 | attempt 1/5
[2026-07-07 02:11:10] [record 30/30] question_id=temporal-reasoning/993da5e2 | window 13/20 | done ok=True memories=7 elapsed=26.72s
[2026-07-07 02:11:10] [record 30/30] question_id=temporal-reasoning/993da5e2 | window 14/20 (window_index=13) | start
[2026-07-07 02:11:10] [record 30/30] question_id=temporal-reasoning/993da5e2 | window 14/20 | attempt 1/5
[2026-07-07 02:11:52] [record 30/30] question_id=temporal-reasoning/993da5e2 | window 14/20 | done ok=True memories=7 elapsed=42.38s
[2026-07-07 02:11:52] [record 30/30] question_id=temporal-reasoning/993da5e2 | window 15/20 (window_index=14) | start
[2026-07-07 02:11:52] [record 30/30] question_id=temporal-reasoning/993da5e2 | window 15/20 | attempt 1/5
[2026-07-07 02:12:27] [record 30/30] question_id=temporal-reasoning/993da5e2 | window 15/20 | done ok=True memories=9 elapsed=35.16s
[2026-07-07 02:12:27] [record 30/30] question_id=temporal-reasoning/993da5e2 | window 16/20 (window_index=15) | start
[2026-07-07 02:12:27] [record 30/30] question_id=temporal-reasoning/993da5e2 | window 16/20 | attempt 1/5
[2026-07-07 02:12:50] [record 30/30] question_id=temporal-reasoning/993da5e2 | window 16/20 | done ok=True memories=6 elapsed=22.78s
[2026-07-07 02:12:50] [record 30/30] question_id=temporal-reasoning/993da5e2 | window 17/20 (window_index=16) | start
[2026-07-07 02:12:50] [record 30/30] question_id=temporal-reasoning/993da5e2 | window 17/20 | attempt 1/5
[2026-07-07 02:13:25] [record 30/30] question_id=temporal-reasoning/993da5e2 | window 17/20 | done ok=True memories=14 elapsed=35.33s
[2026-07-07 02:13:25] [record 30/30] question_id=temporal-reasoning/993da5e2 | window 18/20 (window_index=17) | start
[2026-07-07 02:13:25] [record 30/30] question_id=temporal-reasoning/993da5e2 | window 18/20 | attempt 1/5
[2026-07-07 02:13:45] [record 30/30] question_id=temporal-reasoning/993da5e2 | window 18/20 | done ok=True memories=6 elapsed=19.81s
[2026-07-07 02:13:45] [record 30/30] question_id=temporal-reasoning/993da5e2 | window 19/20 (window_index=18) | start
[2026-07-07 02:13:45] [record 30/30] question_id=temporal-reasoning/993da5e2 | window 19/20 | attempt 1/5
[2026-07-07 02:14:24] [record 30/30] question_id=temporal-reasoning/993da5e2 | window 19/20 | done ok=True memories=10 elapsed=39.22s
[2026-07-07 02:14:24] [record 30/30] question_id=temporal-reasoning/993da5e2 | window 20/20 (window_index=19) | start
[2026-07-07 02:14:24] [record 30/30] question_id=temporal-reasoning/993da5e2 | window 20/20 | attempt 1/5
[2026-07-07 02:14:47] [record 30/30] question_id=temporal-reasoning/993da5e2 | window 20/20 | done ok=True memories=3 elapsed=22.70s
[2026-07-07 02:14:47] [record 30/30] question_id=temporal-reasoning/993da5e2 | finished | ok_windows=20/20 | total_memories=166
[2026-07-07 02:14:47] [record 30/30] question_id=temporal-reasoning/993da5e2 | record done | done=30/30 failed=0 skipped=0
[2026-07-07 02:14:47] Memory extraction completed: done=30/30 failed=0 skipped=0 output_root=/home/bowenzheng/projects/DimMemTest-test/DimMem/results/memories/run_baseline
/home/bowenzheng/projects/DimMemTest-test/DimMem/results/memories/run_baseline
